poste,nom,tit,entrees,buts,team,J01,J02,J03,J04,J05,J06,J07,J08,J09,J10,J11,J12,J13,J14,J15,J16,J17,J18,J19,J20,J21,J22,J23,J24,J25,J26,J27,J28,J29*,J30,J31*
G,Heaton,,,,B,6,7,5,5,4,6,6,7,6,8,6,3,,,5,7,6,6,5,5,7,6,6,5,5,5,,4,8,5,6
G,Pope,,,,B,,,,,,,,,,,,,,,,,,,,,,,,,,,,,,,
G,Robinson,,,,B,,,,,,,,,,,,,5,4,,,,,,,,,,,,,5,,,,
D,Lowton,,,,B,4,6,4,5,3,6,4,4,5,6,5,3,5,,4,5,4,,5,4,6,5,5,4,5,6,4,6,5,5,6
D,Keane,,,,B,5,6,4,5,4,7,6,5,6,7,6,3,5,5,5,4,5,5,5,4,6,5,7,5,5,5,4,5,6:2,4,6:2
D,Mee,,,,B,5,6,4,5,3,5,5,5,5,6,6,3,4,5,6,4,5,6,5,4,6,5,6,5,5,6,5,5,6:1,4,7:1
D,Ward,,,,B,5,5,3,4,4,5,5,4,5,5,,2,3,4,7,5,5,5,6,5,6,5,7,4,5,4,5,4,6:1,5,5:1
D,Tarkowski,,,,B,,,<,,,,,,<,,<,,<,<,<,,,,<,,<,<,<,,,<,<,,,,<
D,Long,,,,B,,,,,,,,,,,,,,,,,,,,,,,,,,,,,,,
D,Darikwa,,,,B,,,,,,,,,,,,,,,,,,,,,,,,,,,,,,,
D,Flanagan,,,,B,,,,,,,,,<,<,5,,,3,,,,5,,,,,,,,,,,,,
M,Boyd,,,,B,5,6,4,5,4,6,5,4,,<,<,<,4,4,6,5,4,6,6,4,6,5,4,5,5,5,5,5,5:1,5,6:2
M,Marney,,,,B,5,5,3,5,4,5,5,4,5,5,5,4,6,4,5,4,4,5,7,,5,5,,,,,,,:1,,:1
M,Jones,,,,B,4,,,,,,,,,,,,,,,,,,,,,,,,,,,,,,
M,Arfield,,,,B,5,5,4,<,5,<,<,,8,5,4,3,<,5,5,5,5,5,6,5,,,<,4,<,<,<,5,6:1,4,:1
M,Gudmundsson,,,,B,<,<,<,5,<,6,5,4,6,6,8,4,5,,,,,<,<,5,,,,,,,,,:1,,:1
M,Defour,,,,B,,6,5,7,4,8,5,4,,,6,4,5,,5,,<,<,7,<,6,5,5,,,,,,:1,<,5:1
M,O'Neill,,,,B,,<,<,,,,,<,,,,,,,,,,,,,,,,,,,,,,,
M,Hendrick,,,,B,,,,<,4,6,4,4,5,4,6,3,4,5,7,4,5,5,,5,4,4,5,3,,,4,5,4:2,4,6:2
M,Barton,,,,B,,,,,,,,,,,,,,,,,,,,,<,<,6,5,6,5,5,4,4:1,4,5:1
M,Westwood,,,,B,,,,,,,,,,,,,,,,,,,,,,,,<,5,6,<,,,,
M,Brady,,,,B,,,,,,,,,,,,,,,,,,,,,,,,<,6,7,4,<,<:2,<,<:2
M,Kightly,,,,B,,,,,,<,,<,5,,,,,<,,,<,,,,,,,,,,,,,,
A,Gray,,,,B,4,7,3,4,3,,,,,5,,<,,4,<,3,3,6,9,3,4,5,6,4,4,4,7,4,5:8,4,4:8
A,Vokes,,,,B,4,7,4,4,<,6,3,6,6,4,7,3,4,<,5,4,<,<,<,<,<,<,<,<,<,<,6,<,<:5,<,4:5
A,Jutkiewicz,,,,B,<,<,,,,,,,,,,,,,,,,,,,,,,,,,,,,,
A,Barnes,,,,B,,,,,,,,,,<,<,<,<,4,<,<,5,5,7,4,5,6,5,5,5,4,,6,4:5,5,<:5
A,Agyei,,,,B,,,,,,,,,,,,,,,,,,,,,,,,,,,,<,,,
A,Bamford,,,,B,,,,<,<,,,<,<,,,,,,,<,,,,<,,,,,,,,,,,
G,Fabianski,,,,S,6,5,7,6,6,5,6,4,6,4,2,6,4,6,6,4,4,3,3,5,4,5,5,5,6,3,5,5,5,6,5
G,Birighitti,,,,S,,,,,,,,,,,,,,,,,,,,,,,,,,,,,,,
G,Tremmel,,,,S,,,,,,,,,,,,,,,,,,,,,,,,,,,,,,,
G,Nordfeldt,,,,S,,,,,,,,,,,,,,,,,,,,,,,,,,,,,,,
D,Naughton,,,,S,6,5,4,4,5,4,4,4,7,5,,4,3,1,,,,,4,6,2,4,4,3,6,3,5,,:(-1),5,5:(-1)
D,Fernandez,,,,S,6,4,4,5,5,,,3,,,,5,4,,,,,,,6,3,6,5,4,7,3,5,4,4,5,4
D,Amat,,,,S,5,5,4,4,5,4,5,3,,,,5,3,3,6,3,3,,3,,,,,,,,<,<,,,
D,Kingsley,,,,S,6,5,5,4,5,,,,6,,3,,,,,,,3,,,3,,,,,,,,4,,
D,Rangel,,,,S,<,,,<,<,4,5,<,,<,4,,<,,6,3,4,3,,<,,<,<,,,,<,5,:1,,:1
D,Taylor,,,,S,,,,4,,,,4,,4,,5,5,3,5,3,4,,4,5,,,,,,,,,,,
D,van der Hoorn,,,,S,,,,,,3,4,,7,4,4,,,4,,,,3,,,,,,,,,,,:1,,:1
D,Olsson,,,,S,,,,,,,,,,,,,,,,,,,,,,4,5,5,8,4,8,5,:2,6,3:2
D,Mawson,,,,S,,,,,,,,,5,4,4,,,,7,4,4,3,3,7,4,5,7,5,8,4,5,6,4:4/(-2),5,4:4/(-2)
M,Cork,,,,S,6,7,4,4,5,4,4,5,,<,,5,3,3,,<,,4,<,5,3,6,5,4,6,5,6,5,5:(-2),5,6:(-2)
M,Britton,,,,S,5,,,,,4,5,4,6,,4,,,,6,4,3,4,3,,,,,,,,,,,,
M,Fer,,,,S,7,5,6,6,5,5,7,3,,5,<,6,7,3,,,<,,5,<,<,5,5,5,6,4,7,4,4:6,5,4:6
M,Montero,,,,S,<,<,<,,<,,,,,,<,,<,3,<,4,<,<,,,,,,,,,,,,,
M,Sigurdsson,,,,S,<,5,5,6,4,6,5,6,6,6,5,6,7,3,8,5,3,5,4,6,3,7,8,6,6,6,7,7,4:8,6,4:8
M,Dyer,,,,S,,<,,,,,,,,,,<,,,,,,<,3,<,4,,,<,4,,,,,,
M,Ki,,,,S,,<,<,6,5,<,<,<,7,5,4,<,,,,,,,4,5,4,,<,,,,,,5,,<
M,Carroll,,,,S,,,,,,,,,,,,,,,,,,,,,,6,5,4,5,4,7,4,4,5,5
M,Narsingh,,,,S,,,,,,,,,,,,,,,,,,,,,,,<,<,<,<,5,<,<,6,<
M,Fulton,,,,S,,,,,,,<,,,,,5,5,4,6,4,3,4,,5,,<,,,,,,,,,
A,Barrow,,,,S,6,4,6,<,5,<,<,5,5,3,<,4,6,3,6,<,4,,<,,,,,,,,,,,,
A,Llorente,,,,S,6,4,4,4,4,6,,,<,4,4,,<,<,8,4,3,<,4,4,3,7,4,4,4,6,8,4,4:11,,:11
A,McBurnie,,,,S,,,<,,,,,,,,,,,,<,,,,<,,<,,,,,,,,,,<
A,Borja ,,,,S,,,,,<,<,3,<,4,<,4,,,<,,<,<,4,,,<,<,,<,,,,,<:1,,:1
A,Ayew,,,,S,,,,,,,,,,,,,,,,,,,,,,,,,<,<,<,<,4,4,5
A,Routledge,,,,S,5,5,3,,,4,4,4,4,6,3,4,5,<,5,5,3,4,,5,3,6,4,4,<,4,,3,<:1,,6:2
G,Hennessey,,,,P,5,6,,,,,,,,,,4,2,6,5,6,6,6,6,5,3,6,6,4,6,6,6,,6,8,5
G,Mandanda,,,,P,,,5,6,5,5,5,6,3,5,3,,,,,,,,,,,,,,,,,,,,
G,Speroni,,,,P,,,,,,,,,,,,,,,,,,,,,,,,,,,,,,,
D,Ward,,,,P,4,5,5,5,6,6,8,5,3,3,4,5,2,5,4,4,4,6,4,5,4,5,5,3,5,5,7,,5,5,4
D,Dann,,,,P,5,4,7,6,7,,,,,3,4,4,3,6,3,5,5,6,4,,4,5,7,3,,<,<,,<:3,<,:3
D,Delaney,,,,P,4,6,6,4,<,4,4,3,3,,4,,,6,4,5,4,3,,4,3,5,7,3,4,,,,<,<,<
D,Souaré,,,,P,5,4,6,,,,,,,,,,,,,,,,,,,,,,,,,,,,
D,Kelly,,,,P,<,,<,5,5,4,5,4,4,3,4,4,4,<,4,4,5,6,5,3,,,,,,,,,,<,4
D,van Aanholt,,,,P,,,,,,,,,,,,,,,,,,,,,,,5,3,5,7,6,,:1,,:1
D,Sakho,,,,P,,,,,,,,,,,,,,,,,,,,,,,,,,6,6,,6,6,4
D,Fryers,,,,P,,,,,,<,,<,<,,<,,<,,<,<,<,,,,,,,,,,,,,,
M,Townsend,,,,P,6,4,5,6,7,3,5,5,4,<,6,5,<,5,5,,<,8,5,4,4,<,<,<,5,5,7,,6:2,5,6:2
M,Jedinak,,,,P,5,,,,,,,,,,,,,,,,,,,,,,,,,,,,,,
M,Lee Chung-Yong,,,,P,5,5,<,<,<,<,<,,<,3,,<,,,,4,,,<,,<,<,,,,,,,,,
M,Puncheon,,,,P,6,4,7,6,8,5,5,5,,<,5,4,4,6,6,,3,6,4,4,3,6,6,3,4,6,6,,6,5,5
M,Zaha,,,,P,3,5,<,7,6,,6,4,7,4,5,5,5,5,8,4,5,5,4,6,,,5,3,4,5,6,,6:5,7,4:6
M,Cabaye,,,,P,<,<,3,,,5,<,<,7,5,5,4,4,,<,4,5,6,5,5,,5,5,5,<,6,7,,6:2,6,5:2
M,Bolasie,,,,P,<,,,,,,,,,,,,,,,,,,,,,,,,,,,,,,
M,Ledley,,,,P,,5,,5,6,6,4,4,5,4,<,,,6,4,<,5,,,4,3,<,<,<,,,,,:1,,:1
M,Tomkins,,,,P,,<,,,7,5,5,5,3,4,,4,5,7,,,,,4,4,3,4,6,3,4,6,6,,6:3,5,:3
M,Mutch,,,,P,,<,,,,,,,,,,,,,,,,<,<,<,,,,,,,,,,,
M,McArthur,,,,P,,,5,5,7,7,4,4,4,6,5,5,4,6,5,6,4,,,,3,5,6,4,4,<,<,,:5,,:5
M,Sako,,,,P,,,,,,,,,,,,<,<,<,,,,,,<,,,,,,,,,<,,<
M,Schlupp,,,,P,,,,,,,,,,,,,,,,,,,,,<,5,,,<,<,<,,5,5,4
M,Milivojevic,,,,P,,,,,,,,,,,,,,,,,,,,,,,,,5,5,6,,5,5,5
M,Flamini,,,,P,,,,<,<,,,,,,,,,<,,5,,5,4,,,,<,,,,,,,,<
A,Wickham,,,,P,4,4,4,,,<,,<,,,<,<,4,,,,,,,,,,,,,,,,:2,,:2
A,Benteke,,,,P,,,5,6,4,7,6,2,5,4,6,4,7,7,6,4,4,3,4,3,4,4,7,3,4,5,4,,3:9,7,6:11
A,J. Benteke,,,,P,,,,<,,,,,,,,,,,,,,,,,,,,,,,,,,,
A,Campbell,,,,P,,,,,,,,,<,<,,,,,<,<,<,<,<,<,,,,,,,,,:1,,:1
A,Rémy,,,,P,,,,,,,,,,,,,,,,,,,,,<,4,,<,<,,,,,,
G,Foster,,,,WBA,6,6,6,6,6,5,5,6,6,4,5,6,5,6,5,6,5,8,5,6,5,6,6,6,5,6,4,4,5,6,4
G,Myhill,,,,WBA,,,,,,,,,,,,,,,,,,,,,,,,,,,,,,,
G,Rose,,,,WBA,,,,,,,,,,,,,,,,,,,,,,,,,,,,,,,
G,Palmer,,,,WBA,,,,,,,,,,,,,,,,,,,,,,,,,,,,,,,
D,Dawson,,,,WBA,6,4,5,5,5,6,6,4,4,3,5,6,5,5,5,,4,4,5,5,2,6,7,7,5,7,4,3,7:3,5,5:3
D,McAuley,,,,WBA,6,5,5,5,5,4,5,6,6,4,6,6,7,6,3,6,4,5,5,6,1,7,5,7,6,7,3,4,5:6/(-1),6,4:6/(-1)
D,Olsson,,,,WBA,6,4,,,,,,,4,4,,,,,,6,4,,,,2,,,,,,,,,,
D,Evans,,,,WBA,5,3,5,4,6,5,5,5,,3,6,5,5,7,5,,,6,5,5,,,,,<,7,4,3,6:1,6,3:1
D,Galloway,,,,WBA,,,5,5,4,,,,,,,,,,,,,,,,,,,,,,,,,,
D,Nyom,,,,WBA,,,,,<,5,5,5,5,3,5,7,6,6,4,7,5,5,5,<,,6,4,6,5,4,5,4,5,5,4
M,Phillips,,,,WBA,4,4,5,5,4,5,6,4,4,,7,8,6,7,4,7,4,5,8,8,3,6,3,5,4,,,,:4,,<:4
M,Fletcher,,,,WBA,4,4,5,4,6,4,5,4,4,4,6,7,5,5,4,5,5,4,5,6,3,7,5,6,4,5,5,3,6:2,6,5:2
M,Yacob,,,,WBA,6,5,5,4,6,5,5,6,5,,5,7,5,6,4,6,5,5,5,6,3,6,6,,<,<,,5,<,<,
M,Gardner,,,,WBA,5,6,<,<,,,,<,,,<,<,,,,<,,,,,,,,,,,,,,,
M,Morrison,,,,WBA,<,,,,<,<,,,<,<,6,8,4,6,4,6,<,,<,6,3,5,6,6,6,5,4,<,:5,<,<:5
M,McClean,,,,WBA,<,<,5,,7,4,5,6,4,3,,<,<,<,<,<,,<,<,<,<,<,<,<,,<,<,4,7:1,5,4:1
M,Leko,,,,WBA,,<,<,<,,<,,,,<,,,,,,,<,,,,,,,,,,<,,,,
M,Field,,,,WBA,,,6,5,,,,,,,,,,,,,,,,,<,,,<,,<,,,<,,
M,Chadli,,,,WBA,,,,5,8,5,7,6,4,3,,,<,<,<,6,3,4,4,5,4,6,6,7,6,5,4,4,7:5,4,4:5
M,Brunt,,,,WBA,,,,,,,,<,<,4,5,7,5,8,5,7,5,5,6,7,4,7,6,6,5,5,4,<,6:3,5,4:3
M,Livermore,,,,WBA,,,,,,,,,,,,,,,,,,,,,,<,,7,6,6,3,3,6,5,4
M,McManaman,,,,WBA,,,,,,,,,,,,,,,,,,,,,,,,,,,,,,,
A,Rondon,,,,WBA,7,4,4,<,7,6,4,4,4,3,5,7,4,4,4,8,3,4,<,6,3,4,5,6,4,5,3,<,4:7,<,<:7
A,Berahino,,,,WBA,4,3,<,4,,,,,,,,,,,,,,,,,,,,,,,,,,,
A,Robson-Kanu,,,,WBA,,,,,<,<,,,<,<,<,<,<,<,<,<,<,<,7,<,<,<,<,<,<,,<,3,<:2,4,5:2
A,Lambert,,,,WBA,,<,,,,,,,,,,,,,,,,,,,,,,,,,,,,,
G,Stekelenburg,,,,E,6,6,6,6,4,4,5,9,3,,4,5,6,4,5,5,5,,,,,,,,,,,,:(-1),,:(-1)
G,Robles,,,,E,,,,,,,,,,6,,,,,,,<,6,5,6,7,6,6,5,6,6,4,6,6,4,6
D,Holgate,,,,E,5,6,6,,,,,,,,,,,<,,,,5,,,6,6,5,<,,,,,,4,5
D,Jagielka,,,,E,6,5,7,6,5,5,6,4,4,<,3,4,4,,,5,,,5,,,<,,,,,,6,7,5,7:1
D,Funes Mori,,,,E,5,6,<,,,,<,<,,6,2,,,5,4,<,5,6,<,6,6,6,5,5,5,7,4,<,<,,
D,Williams,,,,E,,<,6,6,6,5,5,5,4,6,2,5,5,6,4,6,5,7,5,7,6,6,5,4,5,6,3,6,6:1,4,6:1
D,Coleman,,,,E,,,,6,7,6,5,5,4,6,2,7,5,5,3,6,6,4,5,7,6,7,5,5,6,8,3,6,6:4,,:4
D,Baines,,,,E,5,6,6,7,6,,,,,,,6,5,7,3,8,5,5,6,8,6,5,5,4,6,6,4,6,7:2,4,5:2
D,Oviedo,,,,E,,,,,,4,5,4,4,6,4,,,,,,,,,,,,,,,,,,,,
M,McCarthy,,,,E,5,5,,,,,,<,,,,5,,,5,5,4,,,,<,,<,7,,<,<,,:1,,:1
M,Gueye,,,,E,6,6,6,8,7,5,5,5,5,6,,7,5,6,4,6,5,6,6,6,,,,,6,8,5,<,7:1,5,6:1
M,Barry,,,,E,5,7,6,6,7,4,5,6,4,5,3,,5,4,6,,<,5,5,<,7,6,,6,<,,5,6,<:2,<,6:2
M,Lennon,,,,E,<,,,,,,,,,<,<,4,5,,<,5,5,5,,6,,,,,<,,,,,,
M,Cleverley,,,,E,<,,,,<,<,4,4,<,<,3,,,3,,,,<,,,,,,,,,,,,,
M,Schneiderlin,,,,E,,,,,,,,,,,,,,,,,,,,,<,<,7,6,5,7,3,7,5:1,,:1
M,Davies,,,,E,,,<,<,,,,,,,<,,,,,,,<,<,7,8,5,5,<,5,5,4,5,7:1,4,4:1
A,Barkley,,,,E,7,4,4,4,6,3,6,,5,7,2,5,4,,<,6,4,<,6,6,8,6,5,8,6,5,6,7,5:4,5,4:4
A,Deulofeu,,,,E,4,4,,<,<,<,,4,<,,,<,<,<,5,,,,,,,,,,,,,,,,
A,Koné,,,,E,<,,<,<,,,,,,,,,,,,,,,,,,,,,,,,,,,
A,Lukaku,,,,E,,<,5,9,7,4,7,6,5,8,3,5,4,4,7,5,3,6,5,7,7,4,4,9,3,7,6,7,9:21,4,5:21
A,Bolasie,,,,E,,<,6,8,6,4,6,4,7,7,4,5,4,5,,,,,,,,,,,,,,,:1,,:1
A,Calvert-Lewin,,,,E,,,,,,,,,,,,,,,,<,<,,<,5,,,,,,,,<,6:1,3,<:1
A,Lookman,,,,E,,,,,,,,,,,,,,,,,,,,,<,<,<,6,4,5,,,:1,,:1
A,Valencia,,,,E,,,,,<,<,,,<,,,<,<,<,<,5,5,,4,<,,,,,<,<,<,,<:2,<,:2
G,Lloris,,,,T,5,,,6,6,6,8,5,6,4,6,5,4,5,6,7,5,5,6,6,5,4,,5,6,6,5,,5,6,
G,Vorm,,,,T,<,6,6,,,,,,,,,,,,,,,,,,,,5,,,,,,,,5
G,Pau Lopez,,,,T,,,,,,,,,,,,,,,,,,,,,,,,,,,,,,,
D,Walker,,,,T,7,5,5,7,7,5,6,5,5,7,5,5,5,7,6,7,7,4,,5,8,5,5,5,3,6,5,,5,,5
D,Alderweireld,,,,T,5,6,6,6,6,6,6,5,,,,,,,5,6,,,6,6,6,4,5,7,4,5,5,,5,7,5
D,Vertonghen,,,,T,5,6,5,6,7,5,6,5,6,6,5,6,5,6,4,6,7,6,,6,6,,,,,7,4,,5,6,6
D,Rose,,,,T,5,5,7,,,,5,,5,5,6,5,,5,5,7,8,6,7,5,6,5,5,,,,,,:2,,:2
D,Davies,,,,T,,,,5,<,4,,6,,,,,,,,,<,,<,,<,,<,4,4,6,6,,4,5,5
D,Carter-Vickers,,,,T,,,,,,,,,,,,,,,,,,,,,,,,,,,,,,,
D,Trippier,,,,T,,,,,,,,,,,<,<,,,,,,,8,,,,,,,,,,<,5,<
D,Wimmer,,,,T,,,,,,,,,,,4,,4,,,,,,5,,,5,,,,<,,,:(-1),,:(-1)
M,Lamela,,,,T,6,5,6,<,<,<,3,6,5,,,,,,,,,,,,,,,,,,,,:1,,:1
M,Dier,,,,T,5,5,5,6,5,,<,<,5,5,5,6,4,7,,6,6,6,5,6,6,3,6,5,3,5,4,,6,8,7:1
M,Dele Alli,,,,T,4,<,6,8,5,4,6,6,4,5,,<,4,7,4,6,7,8,7,8,6,6,4,5,4,7,7,,6:14,6,7:15
M,Wanyama,,,,T,5,7,6,5,6,5,6,6,6,5,4,5,5,6,5,7,6,6,6,6,7,5,6,6,4,6,5,,5:2,5,:2
M,Eriksen,,,,T,4,4,5,8,,6,6,7,5,5,5,4,6,8,5,8,6,7,6,7,8,4,4,5,4,8,5,,7:6,6,7:7
M,Carroll,,,,T,,<,,,,,,,,,,,,,,,,,,,,,,,,,,,,,
M,Onomah,,,,T,,<,<,,,,,,,,,,,<,,<,,,,,,,,,,,,,,,
M,Winks,,,,T,,,<,,,<,,,,<,<,6,<,<,<,<,6,<,<,<,<,<,,<,<,<,<,,<:1,5,:1
M,Sissoko,,,,T,,,,<,5,4,5,5,<,,,,,<,<,6,<,5,,<,,<,<,<,<,,<,,,<,5
M,Dembélé,,,,T,,,,,6,,,<,6,5,6,5,5,7,5,,6,6,,6,7,6,7,6,5,6,4,,6,<,7
M,Nkoudou,,,,T,,,,,,<,<,,,<,,,<,,<,,,,,,,,,,,,,,,,<
A,Kane,,,,T,4,6,4,7,7,,,,,,5,7,4,8,4,6,6,5,9,4,9,6,4,5,4,9,8,,:19,,:19
A,Son,,,,T,,,,8,6,8,6,<,4,4,4,<,4,7,4,<,<,<,4,<,<,<,5,6,3,<,,,5:7,<,6:9
A,Janssen,,,,T,<,4,<,<,<,5,<,5,<,6,<,6,<,,,,,<,<,,,,<,<,<,,<,,<:1,5,<:1
G,Adrian,,,,W,6,7,4,3,4,6,5,7,6,6,4,,,,,,,,,,,,,,,,,,,,
G,Randolph,,,,W,,,,,,,,,,,,4,7,4,4,7,7,6,5,6,6,5,3,6,4,5,5,6,4,4,4
G,Spiegel,,,,W,,,,,,,,,,,,,,,,,,,,,,,,,,,,,,,
D,Collins,,,,W,6,5,4,2,4,,5,,,,6,,5,4,,,,,,,6,<,,<,<,,,,:1,5,4:1
D,Reid,,,,W,5,6,4,3,,4,8,6,7,4,,6,,3,6,6,7,8,5,4,6,6,5,5,5,6,4,4,4:2,,:2
D,Masuaku,,,,W,5,5,6,4,3,,,,,,,,,4,,,,,,,,,,,,,,,<,<,3
D,Byram,,,,W,<,5,<,3,,,5,,,,,,,,,,,,,,<,5,3,,,,<,<,4,4,3
D,Ogbonna,,,,W,,,4,,4,4,5,4,6,4,6,4,6,2,5,6,6,6,5,5,5,6,,,,,,,,,
D,Cresswell,,,,W,,,,,,,,6,,4,5,5,5,,6,4,5,5,7,4,5,6,2,5,5,6,5,4,4,5,
D,Fonte,,,,W,,,,,,,,,,,,,,,,,,,,,,,3,5,5,6,4,3,5,5,4
D,Arbeloa,,,,W,,,,,,4,<,,,,,,,<,,,,,,,,,,,,,,,,,
M,Kouyaté,,,,W,4,7,5,5,6,3,5,6,7,4,5,4,5,,,5,7,7,4,4,,,,6,4,4,4,4,7,6,4
M,Nordveit,,,,W,4,6,,,6,4,,,,,,<,,,5,,<,6,5,4,,,,,,,,,,,
M,Noble,,,,W,5,7,4,5,5,4,5,5,7,5,5,,4,3,5,6,7,6,4,,6,5,3,7,5,5,5,5,:3,,4:3
M,Payet,,,,W,<,,,7,8,3,7,5,7,5,6,5,7,4,7,7,7,7,5,4,,,,,,,,,:2,,:2
M,Töre,,,,W,<,7,4,<,,,4,,,,,,,,,,,,,,,,,,,,,,,,
M,Obiang,,,,W,,<,,,,,5,7,6,5,6,4,5,3,6,6,5,,,4,6,6,3,8,4,6,5,5,4:1,,:1
M,Fernandes,,,,W,,,,,,<,,,6,4,<,<,,5,<,,<,<,<,<,<,<,<,,<,<,<,,<,<,<
M,Antonio,,,,W,3,7,5,7,6,3,5,5,5,5,4,7,4,,6,5,6,6,5,4,8,6,4,5,5,6,,7,5:9,,5:9
M,Snodgrass,,,,W,,,,,,,,,,,,,,,,,,,,,,,<,5,5,4,5,<,<,4,<
M,Feghouli,,,,W,,,,,<,<,,,<,<,<,,<,,,,,<,<,2,7,6,4,5,6,5,4,6,:2,5,:2
A,Ayew,,,,W,4,,,,,,,,,<,4,4,<,<,4,,<,6,4,<,,,,,,<,<,<,5:4,4,4:4
A,Carroll,,,,W,4,,,,,,,,,,,,,<,<,6,5,7,4,<,7,8,4,6,,,4,4,6:6,6,4:7
A,Valencia,,,,W,5,4,4,,,,,,,,,,,,,,,,,,,,,,,,,,,,
A,Calleri,,,,W,,<,<,<,<,,,,<,,,,,,,,,,,,,<,,<,<,,,,:1,<,:1
A,Fletcher,,,,W,,<,3,<,<,<,,,<,,<,,<,3,,,,<,,,<,,<,,,,,,,,
A,Sakho,,,,W,,,,,,,,,,,,4,6,,,,,,,,,,,,,,,,:1,,<:1
A,Zaza,,,,W,,,,4,4,4,<,6,5,<,,<,,,,,,,,,,,,,,,,,,,
G,Jakupovic,,,,H,6,6,6,5,6,,,,,,,,,,,,,,,,6,5,7,7,6,5,4,5,4,6,5
G,Marshall,,,,H,,,,,,5,6,3,5,5,7,4,5,5,5,5,6,5,5,4,,,,,,,,,:(-1),,:(-1)
D,El Mohamady,,,,H,6,5,5,5,3,3,,2,4,4,5,4,5,5,5,3,5,5,5,7,,,,,<,5,4,<,<,5,6
D,Livermore,,,,H,6,6,5,5,3,4,5,3,4,4,5,5,4,5,7,5,5,4,6,6,<,,,,,,,,:1,,:1
D,Davies,,,,H,6,7,7,6,3,3,5,3,4,5,5,4,5,4,5,4,6,4,6,3,7,5,,,,,,,5:(-1),4,:(-1)
D,Robertson,,,,H,6,6,5,6,3,3,4,4,,,,,<,4,5,3,6,3,5,,7,4,6,6,6,6,4,5,3,7,5:1
D,Maguire,,,,H,,,<,,<,<,,3,<,5,5,,,,5,4,6,5,5,4,5,6,6,6,5,6,4,6,3,5,7:1
D,Dawson,,,,H,,,,,,,,,4,4,7,4,6,5,5,3,6,4,6,4,6,4,6,,,,,,:3/(-1),,<:3/(-1)
D,Lenihan,,,,H,,,,,,,,,,,,,,,,,,,,,,,,,,,,,,,
D,Ranocchia,,,,H,,,,,,,,,,,,,,,,,,,,,,,<,8,5,5,4,5,3,6,4:1
D,Tymon,,,,H,,,,,,,,,,,,4,5,,,,,,,,,,5,<,,,,,,,
M,Meyler,,,,H,5,6,6,5,3,<,4,<,3,<,,<,<,<,,<,,,5,,,<,5,<,,<,,<,:1,,:1
M,Huddlestone,,,,H,4,7,5,4,5,4,<,<,4,,<,,,<,6,4,4,5,<,5,7,6,6,7,5,7,4,6,4:1/(-1),,:1/(-1)
M,Clucas,,,,H,6,6,5,6,4,3,5,3,4,4,7,5,5,5,4,3,5,4,<,5,5,5,5,5,3,,6,5,3:1,5,6:1
M,Maloney,,,,H,,<,<,<,,,<,5,,,,,,,,,,,,,,,,,,5,,,:1,<,:1
M,Mason,,,,H,,,,<,<,3,5,4,4,5,5,4,5,4,,<,,<,,<,6,5,,,,,,,:1,,:1
M,Olley,,,,H,,,,,,,,,,,,,,,,,,,,,,,,,,,,,,,
M,Clackstone,,,,H,,,,,,,,,,,,,,,,,,,,,,,,,,,,,,,
M,Henriksen,,,,H,,,,,,<,4,,,5,6,4,4,4,<,,<,<,,<,,,,,,,,,,<,<
M,Evandro,,,,H,,,,,,,,,,,,,,,,,,,,,<,5,5,6,<,,,,,,<
M,Elabdellaoui,,,,H,,,,,,,,,,,,,,,,,,,,,,4,<,6,4,5,,5,2,,
M,Markovic,,,,H,,,,,,,,,,,,,,,,,,,,,,,5,,6,,4,5,3,4,7:1
M,N'Diaye,,,,H,,,,,,,,,,,,,,,,,,,,,,,,7,4,5,5,5,3:1,5,5:1
M,Odubajo,,,,H,,,,,,,,,,,,,,,,,,,,,,,,,,,,,,,
A,Snodgrass,,,,H,7,6,4,7,6,3,3,2,4,,<,3,5,3,6,4,5,4,7,7,6,,,,,,,,:7,,:7
A,Hernandez,,,,H,5,6,4,4,3,3,<,,<,4,4,,,,,,,,,,8,3,<,4,,<,<,6,3:2,4,7:3
A,Diomandé,,,,H,7,4,4,5,4,4,3,<,<,,,,<,4,6,4,<,<,4,4,5,<,,,<,,<,,<:2,,:2
A,Mbokani,,,,H,,,,,<,,4,,,,<,4,4,,,,3,4,4,4,,,,,,4,,,,,
A,Keane,,,,H,,,,<,,,,3,4,4,4,,,,,,,,,,,,,,,,,,,,
A,Hinchcliffe,,,,H,,,,,,,,,,,,,,,,,,,,,,,,,,,,,,,
A,Niasse,,,,H,,,,,,,,,,,,,,,,,,,,,<,<,3,<,4,<,4,<,:2,3,7:3
A,Grosicki,,,,H,,,,,,,,,,,,,,,,,,,,,,,,6,5,5,4,4,<,<,6
A,Bowen,,,,H,,,,,,,,,,<,,<,,<,,<,<,,,,,,,,,,,,,,
G,Schmeichel,,,,L,5,6,6,3,,,7,5,6,6,,,,,,,6,4,7,6,3,5,5,5,5,7,5,,6,6,6
G,Zieler,,,,L,,,<,,6,4,,,,,5,4,4,5,5,5,,,,,,,,,,,,,,,
D,Simpson,,,,L,4,5,5,4,6,2,5,,6,6,4,3,5,5,5,,4,4,6,5,<,4,4,3,4,5,6,,5,7,6
D,Hernandez,,,,L,3,,,<,,,,4,,,,,,,,4,,,,,,,,,,,,,,,
D,Morgan,,,,L,4,5,6,3,5,3,5,4,5,5,4,4,4,4,5,5,5,4,5,5,4,3,5,4,4,5,5,,:1,,:1
D,Fuchs,,,,L,5,5,4,3,8,3,5,3,6,6,5,4,4,4,5,5,7,,<,5,2,3,5,3,4,7,6,,5:2,7,7:2
D,Huth,,,,L,,5,5,3,6,3,6,3,5,4,4,4,5,4,6,5,6,,5,6,4,5,5,3,4,6,6,,6:1/(-1),6,7:1/(-1)
D,Chilwell,,,,L,,,,,,,,,,,,,,,,,,4,5,,4,,,,<,<,,,<,<,
D,Ndidi,,,,L,,,,,,,,,,,,,,,,,,,,,4,5,6,5,4,6,6,,5,7,6:1
D,Benalouane,,,,L,,,,,,,,,,,,,,,,,,,,,,,,,,,,,5,6,6
D,Wasilewski,,,,L,,,,,,,,,,,,,,,,,,4,,,,,,,,,,,,,
M,Mahrez,,,,L,6,5,4,3,6,4,5,<,5,4,5,6,6,6,7,6,5,<,6,5,,,5,3,4,5,7,,6:4,6,6:4
M,King,,,,L,5,<,,,<,<,,<,5,5,5,,5,5,7,4,5,4,,7,,,,<,,,,,:1,,<:1
M,Drinkwater,,,,L,5,6,7,4,5,4,5,5,6,6,3,4,,,,,,<,6,,4,3,5,3,4,7,4,,5:1,5,6:1
M,Gray,,,,L,5,,,,<,<,<,,<,,<,<,<,<,,,<,4,6,<,<,4,4,<,5,<,<,,:1,6,5:1
M,Amartey,,,,L,<,,5,3,6,4,6,3,<,,,5,5,5,5,5,7,4,6,5,,,,,<,<,,,:1,<,:1
M,Mendy,,,,L,,5,,,,,,,,,,,,,,,,,,5,3,4,,,,,,,,,
M,Albrighton,,,,L,,4,6,4,6,4,5,3,,<,,5,4,6,5,5,6,4,7,<,3,<,4,,4,7,6,,7,,<
M,Schlupp,,,,L,,,,,,<,,3,,<,,<,,,,,,,,,,,,,,,,,,,
M,Kapustka,,,,L,,,,,,,,,,,,,,,,,,,,,,,,,,,,,,,
A,Musa,,,,L,5,<,<,<,,,,3,7,6,5,<,<,<,,<,<,,,<,4,<,<,4,,,,,<:2,,:2
A,Vardy,,,,L,3,4,6,4,6,4,4,3,<,6,<,4,4,4,9,5,2,,,,3,3,4,3,4,8,6,,6:8,7,7:10
A,Ulloa,,,,L,<,<,<,<,,,<,,,<,<,,,,,<,<,<,<,4,,,,,,,,,:1,,:1
A,Slimani,,,,L,,,,,8,4,4,<,4,,6,,<,4,7,3,4,4,6,,,,,,<,,<,,<:5,<,<:6
A,Okazaki,,,,L,<,4,6,4,,,<,,6,4,4,4,5,<,,<,,4,<,4,<,4,<,4,,5,6,,4:2,6,4:2
G,Caballero,,,,M,5,6,4,,,,,,,,,,,,,,,,,,,,6,5,6,,7,6,6,5,4
G,Bravo,,,,M,,,,4,6,6,7,5,5,6,5,5,6,4,3,6,5,6,4,5,3,4,,,,,,,,,
D,Sagna,,,,M,4,,,5,6,6,,,,,,5,6,,3,,<,7,,5,4,,6,,5,,6,6,<,,
D,Stones,,,,M,5,6,5,6,<,6,5,5,4,7,6,,,4,2,,,5,5,<,3,<,6,6,7,,6,,5,5,5
D,Kolarov,,,,M,5,6,<,5,6,6,3,,5,5,5,6,5,4,6,6,5,<,5,6,,6,6,5,6,,7,6,:1,,:1
D,Clichy,,,,M,5,,6,,5,,,5,,,5,,5,<,,6,5,6,,6,3,4,,6,,,5,6,4,4,4
D,Zabaleta,,,,M,,5,5,<,,<,4,,,,5,<,,,5,7,5,,6,,5,5,,<,,,,,:1,<,:1
D,Otamendi,,,,M,,6,6,7,5,6,5,6,,6,,5,7,4,,6,6,7,5,7,3,4,6,,<,,,5,6,4,
D,Kompany,,,,M,,,,,,,,<,4,,,5,,,,,,,,,,,,,,,,,,,4
M,Fernandinho,,,,M,6,6,7,6,7,6,3,5,5,7,6,6,7,4,,,,6,4,3,,,<,5,6,,7,6,5:1,4,5:1
M,De Bruyne,,,,M,5,6,7,8,9,6,,6,4,<,7,7,<,6,6,7,7,6,5,5,3,7,7,5,7,,<,4,7:4,7,4:4
M,Silva,,,,M,5,6,7,6,,7,5,7,6,7,6,<,,5,4,7,6,7,5,<,3,5,8,6,6,,7,<,6:2,6,6:2
M,Navas,,,,M,<,5,,,,<,4,,<,<,5,,<,5,5,<,<,,<,5,,,,,,,,5,,6,4
M,Delph,,,,M,<,<,,,,,,,,,,,,,,,,,,,,<,<,,,,<,,,,6
M,Nasri,,,,M,,,<,,,,,,,,,,,,,,,,,,,,,,,,,,,,
M,Fernando,,,,M,,,<,<,,<,5,,,5,,<,7,,5,<,5,<,,,,,,<,,,,,<,,
M,Sané,,,,M,,,,<,<,,<,6,6,,,,<,5,,<,6,,,,,5,7,5,5,,7,5,4:3,6,4:4
M,Garcia,,,,M,,,,,<,,,,,<,<,,,,,,,,,,,,,,,,,,,,
M,Touré,,,,M,,,,,,,,,,,,8,5,<,<,6,6,7,5,6,3,5,7,7,5,,5,5,5:4,<,:4
M,Gündogan,,,,M,,,,,7,6,<,6,6,9,5,,,4,5,5,,,,,,,,,,,,,:3,,:3
A,Agüero,,,,M,6,7,5,,,7,6,<,4,8,7,5,8,4,,,,,4,<,4,6,<,<,<,,7,5,6:13,6,7:15
A,Iheanacho,,,,M,<,<,,6,8,,<,4,<,,<,,,<,4,,<,<,<,4,<,,,,,,,<,:4,,:4
A,Nolito,,,,M,5,<,7,5,6,,,<,<,7,<,6,5,,<,5,,5,,,,,,,<,,<,,:4,,<:4
A,Gabriel Jesus,,,,M,,,,,,,,,,,,,,,,,,,,,,<,7,7,4,,,,:3,,:3
A,Sterling,,,,M,5,6,8,4,9,6,3,6,5,6,,4,6,,<,7,7,6,4,5,3,4,7,6,7,,5,,5:6,4,<:6
G,Mannone,,,,S,5,5,,,,,,,,,,,,,,,,,4,8,3,4,6,8,4,,,,,,
G,Pickford,,,,S,,,6,5,7,4,6,5,5,4,6,8,6,6,5,6,7,5,,,,,,,,6,5,,6,8,6
D,Love,,,,S,4,4,<,,,,,,,,<,<,,,,<,6,<,<,5,5,,,,,,,,,,
D,Koné,,,,S,5,,5,3,5,3,5,,6,3,6,6,5,5,4,5,7,3,5,,,,6,8,3,4,4,,:1,4,5:1
D,Kaboul,,,,S,5,,,,,,,,,,,,,,,,,,,,,,,,,,,,,,
D,van Aanholt,,,,S,4,6,5,4,,4,<,5,5,3,5,7,5,7,5,5,8,4,5,5,3,6,,,,,,,:3,,:3
D,Djilobodji,,,,S,,5,6,4,4,4,,4,,<,5,6,,6,5,6,6,3,5,5,3,3,,,,,,,,,
D,Denayer,,,,S,,,,<,4,,5,,,,<,6,4,5,3,5,6,4,,,3,4,5,7,3,,,,6:(-1),4,4:(-1)
D,Jones,,,,S,,,,,,,,<,<,3,5,7,5,5,4,4,,4,4,,,5,6,6,3,4,4,,4,4,4
D,Lescott,,,,S,,,,,,,,,,,,,,,,,,,,,,,,<,,,,,,,
D,Manquillo,,,,S,,,5,3,5,4,5,4,4,,,,,<,<,,,,,<,,,5,,,<,,,,,
M,Watmore,,,,S,4,4,<,3,<,<,6,3,4,3,5,6,4,7,,,,,,,,,,,,,,,,,
M,Rodwell,,,,S,7,5,6,3,,,<,4,5,3,,,,,,,,,,5,4,5,6,6,,,<,,6,5,5
M,O'Shea,,,,S,4,5,,,,,5,4,5,5,,<,5,,,5,<,,4,5,4,4,6,5,4,4,4,,6,5,
M,Gooch,,,,S,4,5,5,4,,,<,,<,<,<,,<,,,,,,,,,,,,,,,,,,
M,Khazri,,,,S,<,,,<,<,,5,4,4,3,,,,,,<,<,<,,<,,,,,<,<,<,,<,<,<
M,Januzaj,,,,S,<,5,5,3,4,4,,,,<,,,<,,<,4,5,,4,4,3,4,,6,3,5,4,,5,4,
M,McNair,,,,S,<,4,,,<,<,,4,<,,5,6,,,,,,,,,,,,,,,,,:(-1),,:(-1)
M,Pienaar,,,,S,,<,5,,4,5,,<,4,,4,,5,5,3,,,,<,,,,,<,<,,,,,,
M,Asoro,,,,S,,<,,,,,,,,,,,,,,,,,,,,,,,,,,,,,
M,Ndong,,,,S,,,,<,6,4,6,4,4,4,6,5,4,6,5,,6,3,<,6,,,6,7,4,4,4,,<:1,<,4:1
M,Cattermole,,,,S,,,,,4,4,,,,,,,,,,,,,,,,,,,,,,,,,5
M,Larsson,,,,S,,,,,,,,,,,,,,<,5,<,<,4,3,5,5,4,6,6,4,4,5,,6,,5
M,Gibson,,,,S,,,,,,,,,,,,,,,,,,,,,,,,<,3,5,5,,6,4,<
M,Oviedo,,,,S,,,,,,,,,,,,,,,,,,,,,,,,7,4,4,4,,6,5,5
M,Kirchhof,,,,S,,,,3,5,4,5,,,,,,,<,<,4,,,,,,,,,,,,,,,
A,Borini,,,,S,4,,4,,,,,,,,,,,,,4,5,6,4,6,4,<,5,,<,4,3,,5:1,5,4:1
A,Defoe,,,,S,6,4,6,3,3,7,4,4,4,4,6,7,,7,3,4,5,4,6,7,6,5,5,8,3,4,4,,4:14,4,5:14
A,Anichebe,,,,S,,,,,,<,,<,,,7,8,4,7,4,,5,4,3,,,<,,,,,,,:3,,<:3
A,Honeyman,,,,S,,,,,,,,,,,,,,,,,,,,,,5,<,,,<,,,,,
A,Lens,,,,S,,<,<,,,,,,,,,,,,,,,,,,,,,,,,,,,,
G,Valdes,,,,M,5,,,4,4,5,5,5,7,6,6,5,5,6,5,4,6,4,7,,7,4,5,6,6,5,5,,3,6,4
G,Guzan,,,,M,,5,6,,,,,,,,,,,,,,,,,6,,,,,,,,,,,
G,Konstantopoulos,,,,M,,,,,,,,,,,,,,,,,,,,,,,,,,,,,,,
D,Barragan,,,,M,5,5,5,5,4,5,5,5,5,6,4,5,5,6,5,4,6,5,,5,,,6,,,,,,4,6,3
D,Gibson,,,,M,5,5,6,4,4,6,5,5,5,6,5,6,5,6,5,3,6,5,5,5,5,3,6,6,6,5,4,,3:1,5,3:1
D,Friend,,,,M,6,5,,2,4,3,5,6,5,6,7,,,,,,<,<,5,<,5,4,,,,,3,,,,
D,Ayala,,,,M,,<,6,6,3,,,<,5,,,,,,,,,,,,,,,,,4,5,,:1,,3:1
D,Fabio,,,,M,,,,,,,,,,,,5,5,6,5,3,5,4,<,6,6,,5,7,5,5,4,,4,4,
D,Chambers,,,,M,,,,,,4,5,5,,6,5,5,5,6,5,4,6,5,4,6,5,6,,6,5,,,,,,
D,Bernardo,,,,M,,,,,,,,,,,,,,,,,,,4,,4,3,4,5,6,4,<,,4,5,
M,Adomah,,,,M,5,<,,,,,,,,,,,,,,,,,,,,,,,,,,,,,
M,Clayton,,,,M,4,5,6,5,<,5,,,5,7,5,5,6,6,6,5,7,5,<,5,,5,6,5,5,,6,,5,5,5
M,Ramirez,,,,M,7,5,4,<,3,4,<,5,6,7,,4,6,7,,,6,5,<,4,,,,,<,4,4,,5:2,5,:2
M,de Roon,,,,M,5,,,<,4,4,5,5,4,,6,5,5,6,4,4,7,5,4,4,5,5,4,4,5,5,4,,4:2,5,6:3
M,Downing,,,,M,5,5,5,6,4,6,5,4,<,7,4,<,,<,,<,<,,5,<,,,,4,,5,,,5:1,5,5:1
M,Forshaw,,,,M,<,6,5,5,5,<,5,5,5,7,4,5,6,7,5,3,7,5,5,5,5,4,5,4,5,5,,,,<,
M,Nsue,,,,M,5,5,5,,4,,,,,,,,,,,,,,,,,,,,,,,,,,
M,Traoré,,,,M,,,,<,,<,,<,6,5,5,6,5,,<,4,<,<,5,5,,6,6,5,5,<,4,,<,6,6
M,Leadbitter,,,,M,,,,,,,,,,<,,<,,,,<,,,6,<,5,,,,,,4,,4:1,,:1
M,Guédioura,,,,M,,,,,,,,,,,,,,,,,,,,,,,,<,<,<,<,,,,<
M,de Sart,,,,M,,,,,,,,,,,,,,,,,,,,,,,,,,,,,,,
A,Negredo,,,,M,6,6,4,4,4,4,<,4,4,6,4,4,7,4,,3,7,4,6,4,4,4,6,4,4,4,,,4:6,5,6:7
A,Nugent,,,,M,<,<,<,,<,,,,,,,,,,,,,,,,,,,,,,,,,,
A,Fischer,,,,M,,,<,4,<,,6,,,<,<,<,<,7,5,4,4,,,,,,,,,,,,,,
A,Rhodes,,,,M,,,,,,<,4,<,,<,,,,,4,<,,,,,,,,,,,,,,,
A,Gestede,,,,M,,,,,,,,,,,,,,,,,,,,,<,<,<,,<,<,4,,<:1,<,4:1
A,Bamford,,,,M,,,,,,,,,,,,,,,,,,,,,,<,<,<,,,,,,,<
A,Stuani,,,,M,,8,5,4,,4,6,4,<,,<,,<,<,5,,,4,,,5,6,5,<,4,3,<,,:4,,<:4
G,Given,,,,S,5,4,7,4,4,,,,,,,,,,,,,,,,,,7,,,,,,:(-1),,:(-1)
G,Grant,,,,S,,,,,,5,7,6,6,6,5,5,6,6,4,6,6,3,4,6,5,6,,5,6,4,6,6,5,6,5
D,Bardsley,,,,S,4,4,3,,,,<,6,5,5,5,5,,,,,,,,,,,4,5,5,3,,6,3,,
D,Shawcross,,,,S,5,2,6,4,3,5,5,6,6,6,5,5,,,,6,4,3,3,7,5,5,5,5,6,2,6,6,4:1/(-1),5,5:1/(-1)
D,Wollscheld,,,,S,5,3,,,,,,,,,,,,,,,,,,,,,,,,,,,,,
D,Pieters,,,,S,5,3,5,3,,4,5,7,6,5,5,5,6,6,5,5,5,5,5,6,6,5,5,5,5,3,5,6,3,4,4
D,Cameron,,,,S,,,5,4,3,5,5,6,6,,,,,,,,,,,,,,,,,<,6,4,4,,6
D,Indi,,,,S,,,,3,3,5,5,6,6,5,5,5,6,6,4,5,5,3,4,6,6,5,5,5,6,3,6,6,5:1,4,5:1
D,Muniesa,,,,S,,,,,,,,<,,,,,5,7,4,<,,,,,,,,,,,,,:1,,5:1
D,Johnson,,,,S,,,,,3,5,5,,,,,<,6,7,3,5,5,2,3,7,6,6,,,<,,5,,,4,
M,Shaqiri,,,,S,7,,,,,5,3,6,8,4,,4,5,5,4,4,,,4,,7,6,,,,,,,:3,,:3
M,Imbula,,,,S,5,3,4,3,,,,,,,,,6,6,4,,6,3,<,,,<,,,,,,<,:(-1),,:(-1)
M,Whelan,,,,S,5,4,5,3,3,5,5,6,6,6,4,,,<,,5,6,4,,<,5,5,6,5,5,3,7,<,,5,
M,Allen,,,,S,<,4,4,4,5,7,7,8,6,8,5,5,,<,5,5,6,3,5,6,6,3,4,4,6,3,6,5,4:6,4,4:6
M,Sobhi,,,,S,,<,<,,,,,,,<,5,,,,<,,<,<,,,,,,,6,4,7,4,4,4,
M,Adam,,,,S,,,,<,,<,,<,,6,6,4,6,4,6,4,<,,3,7,6,4,6,4,5,4,,,:1,<,5:1
M,Afellay,,,,S,,,,,,,,,,,,,,,,,,<,4,<,<,<,5,5,<,<,<,<,,,<
M,Ireland,,,,S,,,,,,,,,,,,,,,,,,,,,,,,,,,,,,,
A,Bojan,,,,S,5,5,<,<,4,,,,,,<,3,,,,,6,,<,,,,,,,,,,:2,,:2
A,Diouf,,,,S,4,3,4,,<,<,,,<,,<,,6,6,4,<,5,4,6,5,,,,<,<,,<,4,<,<,5
A,Walters,,,,S,<,<,<,3,3,,<,<,,<,6,<,4,7,,4,5,6,,5,,,,,,,,4,6:3,4,:3
A,Crouch,,,,S,,,4,,,<,<,,,<,<,<,<,<,<,,,4,6,6,8,4,7,3,4,3,6,,<:4,<,<:4
A,Ngoy,,,,S,,,,,,,,,,,,,,,<,,,,,,<,<,<,<,,,,,,,
A,Berahino,,,,S,,,,,,,,,,,,,,,,,,,,,,,<,<,,<,<,4,4,4,4
A,Bony,,,,S,,,,4,3,4,4,5,5,8,4,4,,,,,,<,,,,,,,,,,,:2,,:2
G,Forster,,,,S,4,5,5,4,6,5,5,5,5,5,4,6,6,2,6,6,6,3,4,5,5,6,5,4,6,,4,,6,6,5
G,McCarthy,,,,S,,,,,,,,,,,,,,,,,,,,,,,,,,,,,,,
D,Soares,,,,S,5,5,5,5,6,6,5,,,,,5,6,4,,,6,4,,5,6,7,4,4,6,,4,,5,5,7
D,Yoshida,,,,S,5,,,,,,,,,,5,,,,,,5,,5,3,5,6,5,5,7,,5,,5,5,7:1
D,van Djik,,,,S,5,5,5,5,6,7,6,7,6,4,4,6,6,5,7,6,6,5,5,,6,5,,,,,,,:1,,:1
D,Targett,,,,S,6,5,6,,,,,5,,,,,,,,,,,,,,,,,,,,,,,
D,Pied,,,,S,<,,,,,,,,,,,,,,,,,,,,,,,,,,,,,,
D,Fonte,,,,S,,5,4,4,5,6,5,5,5,4,4,6,6,4,6,5,,3,,3,,,,,,,,,,,
D,Bertrand,,,,S,,,,5,6,7,5,,,5,4,5,6,3,,6,7,3,,,5,6,5,3,8,,4,,6:1,4,:1
D,Cuco Martina,,,,S,,,,,<,<,,5,5,5,,,,,6,6,,,5,,,,,,,,,,,,
D,Reed,,,,S,,,,,,,,,,,,<,,,,,5,,,,,,,,,,,,,,
D,Stephens,,,,S,,,,,,,,,,,,,,,,,,,,<,,<,4,4,6,,4,,5,5,5
D,Clasie,,,,S,,<,,5,5,,,6,5,3,5,,<,,5,,6,,,4,,<,4,,,,<,,,,
M,Davis,,,,S,5,5,5,5,6,6,5,7,5,5,5,5,,,<,5,<,4,5,,,,5,6,7,,5,,3:1,6,7:1
M,Romeu,,,,S,6,5,6,6,6,5,7,7,5,5,5,6,6,4,5,6,,3,4,4,5,6,6,5,7,,6,,5,5,6
M,Tadic,,,,S,5,4,4,5,6,7,4,6,4,5,4,,,,4,<,<,<,6,3,5,6,4,,7,,8,,4:3,5,6:3
M,Ward-Prowse,,,,S,5,,<,<,,<,,<,<,,<,,6,3,6,6,,5,<,5,3,7,,6,6,,5,,6:3,4,6:4
M,Hojbjerg,,,,S,<,6,6,<,<,7,7,,<,<,,5,5,4,,,6,<,4,,6,6,,,<,,,,,,<
M,Boufal,,,,S,,,,,,,,,<,<,<,4,,6,7,5,5,4,4,<,,,<,4,,,<,,<:1,<,:1
M,McQueen,,,,S,,,,,,,,<,6,<,,,<,<,5,<,,,5,4,,,<,,,,,,,<,5
A,Long ,,,,S,4,5,<,<,5,<,,,,,,<,<,<,<,4,<,<,6,<,5,<,6,<,<,,<,,<:3,<,4:3
A,Redmond,,,,S,7,5,6,4,6,6,4,8,7,4,4,4,5,5,<,5,6,2,,4,4,6,4,<,7,,8,,6:5,5,8:6
A,Austin,,,,S,<,<,4,,<,7,4,7,4,4,6,4,7,4,,,,,,,,,,,,,,,:6,,:6
A,Sims,,,,S,,,,,,,,,,,,,7,<,,,,,<,,<,,<,,,,,,,,
A,Gabbiadini,,,,S,,,,,,,,,,,,,,,,,,,,,,,,6,8,,7,,4:4,,:4
A,Rodriguez,,,,S,,<,<,4,,,,<,,,<,<,,,5,<,8,3,<,3,<,7,,6,,,,,<:4,5,<:4
G,Gomes,,,,W,7,5,5,5,5,5,4,7,7,6,6,5,4,3,5,6,7,6,3,5,5,5,7,8,7,5,4,,5:(-1),7,6:(-1)
G,Pantilimon,,,,W,,,,,,,,,,,<,,,,,,,,,,<,,,,,,,,,,
G,Gilmartin,,,,W,,,,,,,,,,,,,,,,,,,,,,,,,,,,,,,
D,Cathcart,,,,W,5,4,,5,6,4,,,,,,,,,,,,,3,,,<,5,6,4,<,,,4,7,6
D,Prödl,,,,W,5,4,4,<,5,4,4,6,6,6,,5,4,4,7,4,5,5,2,3,5,5,6,4,5,,4,,5:1,,5:1
D,Britos,,,,W,5,4,,4,5,4,,6,,6,3,5,5,,5,4,4,5,,4,5,6,5,,5,4,4,,4,8,4:1
D,Zuniga,,,,W,<,<,,,<,,5,<,6,<,<,5,,4,5,<,4,<,,,<,,,,,,,,:1,<,:1
D,Kaboul,,,,W,,,3,5,,,5,5,5,6,3,6,5,,,,4,4,3,4,5,5,7,6,4,5,3,,5:2,5,:2
D,Kabasele,,,,W,,,4,,,,,<,,<,,,<,5,<,,<,,,4,5,6,,,,,,,:2,,:2
D,Janmaat,,,,W,,,<,5,7,,,,,<,3,5,5,,<,4,<,5,<,,,<,5,<,<,5,,,5:1,<,<:1
D,Mariappa,,,,W,,,,,,,,,,,,,,,,,,,,,,,,,,,,,,,<
D,Mason,,,,W,,,,,,,,,,,,,,,,,,,<,,,,,,,,,,,,
D,Paredes,,,,W,,,,,,,,,,,,,,,,,,,,,,,,,,,,,,,
M,Amrabat,,,,W,5,5,3,,<,4,7,5,<,7,5,5,4,6,6,4,5,5,3,,,,,,,,,,<,6,5
M,Guédloura,,,,W,5,5,4,,,,<,,<,,,<,,4,6,4,,4,4,3,,,,,,,,,,,
M,Behrami,,,,W,5,5,4,5,5,5,5,4,5,5,4,5,5,,5,,5,5,,4,5,,5,5,,5,5,,4,,
M,Capoue,,,,W,7,6,5,6,7,5,4,5,5,6,3,7,5,4,5,4,4,5,3,5,5,5,7,5,3,5,5,,4:5,6,6:5
M,Holebas,,,,W,5,4,4,6,5,4,5,7,5,5,2,,5,4,7,3,5,4,4,4,5,5,,7,4,5,4,,:2,7,7:3
M,Watson,,,,W,<,,,,,,,<,,,<,,,,<,,,,,,,,,,,,,,,,
M,Anya,,,,W,<,,,,,,,,,,,,,,,,,,,,,,,,,,,,,,
M,Doucouré,,,,W,,<,,,,,,,,,,,,,,,,,4,4,5,6,<,<,,<,<,,<:1,6,6:1
M,Cleverley,,,,W,,,,,,,,,,,,,,,,,,,,,<,6,6,6,4,5,5,,5,5,6
M,Pereyra,,,,W,,,<,7,7,4,5,5,5,5,2,7,5,3,,5,,<,,,,,,,,,,,:3,,:2
A,Deeney,,,,W,6,5,3,6,6,4,7,4,4,4,4,6,4,5,4,<,4,,3,4,4,7,7,6,4,5,6,,3:7/(-1),,7:10/(-1)
A,Ighalo,,,,W,4,3,5,7,4,4,4,,5,5,3,,<,<,,3,4,4,3,<,,<,,,,,,,:1,,:1
A,Isaac Success,,,,W,,,<,<,<,,<,5,,,,,,,,<,<,,,,,,<,<,<,<,<,,<:1,<,<:1
A,Okaka,,,,W,,,,<,,,,,,,,<,<,4,8,,,,,,5,4,<,,<,,6,,:3,6,:3
A,Sinclair,,,,W,,,,,,,,,,,,,,<,,3,,<,<,<,,,,,,,,,,,
A,Folivi,,,,W,,,,,,,,,,,,,,,,,,,,<,,,,,,,,,,,
A,Zaraté,,,,W,,,,,,,,,,,,,,,,,,,,,,,,5,4,6,,,,,
A,Niang,,,,W,,,,,,,,,,,,,,,,,,,,,,,5,8,4,4,5,,4:1,6,8:2
A,Vydra,,,,W,,<,,,,,,,,,,,,,,,,,,,,,,,,,,,,,
G,Cech,,,,A,4,6,6,6,4,6,6,6,7,4,5,5,6,5,6,5,5,6,7,5,6,7,5,3,7,,4,,5:(-1),,:(-1)
G,Ospina,,,,A,,,,,,,,,,,,,,,,,,,,,,,,,,,,,<,5,
D,Bellerin,,,,A,3,6,6,6,5,7,5,5,6,5,5,,,,<,3,3,6,7,3,,<,,4,6,,3,,4,4,6
D,Holding,,,,A,3,5,5,,,,,,,,,,,,,,,,,,,,,,,,,,,,
D,Chambers,,,,A,5,,,,,,,,,,,,,,,,,,,,,,,,,,,,:1,,:1
D,Monreal,,,,A,3,6,5,6,6,6,6,5,5,,5,5,6,5,5,4,4,<,6,4,6,5,4,5,,,4,,4,5,5
D,Koscielny,,,,A,,5,6,7,6,7,7,5,6,6,5,6,7,6,6,5,5,7,6,5,7,8,4,3,6,,4,,4:2,5,:2
D,Gibbs,,,,A,,,<,,,<,,<,,7,,,,,,,,6,,,,,,,5,,,,,,
D,Mustafi,,,,A,,,,5,6,6,6,5,5,7,5,5,7,5,5,,,,,4,6,7,3,4,6,,4,,4:1,6,5:2
D,Gabriel,,,,A,,,,,,,,,,,,,<,5,5,5,4,6,6,<,6,5,5,<,,,,,,<,7
D,Debuchy,,,,A,,,,,,,,,,,,,5,,,,,,,,,,,,,,,,,,
D,Jenkinson,,,,A,,,,,,,,,,,,5,,,,,,,,,,,,,,,,,,,
D,Mertesacker,,,,A,,,,,,,,,,,,,,,,,,,,,,,,,,,,,,,
M,Coquelin,,,,A,4,5,,5,7,5,,<,5,6,5,6,,7,6,4,4,6,<,5,,<,5,5,6,,5,,,5,
M,Ramsey,,,,A,4,,,,,,,,,<,<,4,<,<,,,,<,<,6,6,6,5,,,,,,4,,<
M,Elneny,,,,A,5,,<,,<,,<,,6,7,,5,6,<,,,<,,6,,,,,,<,,,,,,6
M,Iwobi,,,,A,4,,,<,8,6,5,6,4,5,5,,,<,<,<,5,6,8,4,7,6,6,4,5,,5,,<:3,<,:3
M,Cazorla,,,,A,<,4,7,8,6,6,6,5,,,,,,,,,,,,,,,,,,,,,:2,,:2
M,Oxlade-Chamberlain,,,,A,<,5,5,5,,,<,<,<,7,<,<,5,9,7,5,<,,<,<,<,,<,6,6,,5,,4:2,,<:2
M,Xhaka,,,,A,<,5,6,,<,<,6,5,,,6,<,7,6,6,5,4,6,6,5,7,5,,,,,3,,7:1,5,6:1
M,Özil,,,,A,,<,6,5,6,7,5,7,4,8,5,4,5,8,7,4,4,6,,,7,7,6,4,5,,,,:5,6,8:6
M,Wilshere,,,,A,,<,<,,,,,,,,,,,,,,,,,,,,,,,,,,,,
M,Welbeck,,,,A,,,,,,,,,,,,,,,,,,,,,<,<,,<,<,,5,,4:1,4,5:1
M,Maitland-Niles,,,,A,,,,,,,,,,<,,,,,,,,,,,,,,,,,,,,,
M,Reine-Adelaïde,,,,A,,,,,,,,,,,,,,,,,,,,,,,,,,,,,,,
A,Walcott,,,,A,5,6,7,5,7,7,5,7,6,,5,5,7,5,7,4,5,,,,,,<,4,5,,<,,4:8,6,7:10
A,Sanchez,,,,A,4,5,8,<,7,8,6,6,5,8,5,5,8,9,6,6,6,6,7,6,7,7,5,4,8,,<,,7:18,4,5:18
A,Giroud,,,,A,,<,,<,,<,,,,<,<,<,<,,<,<,<,7,7,8,6,4,3,<,,,4,,<:8,<,<:9
A,Lucas Pérez,,,,A,,,,4,<,,,,<,,,,,,,<,,<,5,<,<,,<,,<,,<,,:1,,:1
A,Akpom,,,,A,,,,,,,,,,,,,,,,,,,,,,,,,,,,,,,
A,Sanogo,,,,A,,,,,,,,,,,,,,,,,,,,,,,,,,,,,,,
G,Mignolet,,,,L,6,4,6,5,5,,,,,,,,,,,6,6,5,6,6,5,4,6,3,6,5,5,5,5,5,4
G,Manninger,,,,L,,,,,,,,,,,,,,,,,,,,,,,,,,,,,,,
G,Karius,,,,L,,,,,,5,5,5,5,5,7,5,6,3,3,,,,,,,,,,,,,,,,
D,Clyne,,,,L,5,3,4,5,6,6,6,5,5,5,6,5,6,5,5,8,6,5,5,6,,,5,5,6,4,6,5,5,5,4
D,Lovren,,,,L,4,5,5,,7,,5,5,5,5,,5,6,4,4,5,6,5,6,7,5,4,5,,,,,,:2,6,5:2
D,Klavan,,,,L,5,4,,,,7,,,,<,,,,,<,5,5,6,6,5,5,3,,,<,,5,5,6,<,5
D,Moreno,,,,L,3,<,,<,,,,<,,6,,,,,,,,<,,<,,,,<,,<,,,,,
D,Stewart,,,,L,<,,<,<,<,,,,,,,,,,,,,,,,,,,,,,,,,,
D,Matip,,,,L,,,5,6,6,6,5,6,6,6,6,5,6,,5,,,,,,,<,4,4,6,4,6,6,6:1,6,<:1
D,Sakho,,,,L,,,,,,,,,,,,,,,,,,,,,,,,,,,,,,,
D,Alexander-Arnold,,,,L,,,,,,,,,,,,,,,,<,,,,,5,,,,<,,<,,,<,
M,Lallana,,,,L,6,5,5,7,4,8,5,<,5,5,8,,,<,5,8,5,7,6,6,5,4,4,5,5,4,6,5,4:7,,:7
M,Henderson,,,,L,6,6,5,6,7,7,7,5,5,7,7,5,7,7,6,6,6,6,5,,5,5,5,6,6,,,,:1,,:1
M,Wijnaldum,,,,L,6,5,4,7,6,7,5,,<,<,<,5,6,5,5,6,6,5,7,5,5,5,7,,7,4,7,6,5:5,5,5:5
M,Can,,,,L,<,,,,,<,<,6,6,7,7,5,5,7,,,<,<,5,6,6,3,5,4,<,7,5,7,5:4,5,5:4
M,Milner,,,,L,,5,6,6,4,8,7,5,5,,7,5,7,3,5,6,6,6,6,5,6,5,4,5,5,4,6,5,6:7,5,5:7
M,Grujic,,,,L,,<,,,,<,,,,,,,,,,,,,,,,,,,,,,,,,
M,Lucas Leiva,,,,L,,,,4,<,,,,<,,6,,<,4,,<,<,,<,<,,,,4,6,4,<,<,<,6,6
M,Ovie Ejaria,,,,L,,,,,,,,,,,<,,,,,<,,,,,,,,,,,,,,,
M,Woodburn,,,,L,,,,,,,,,,,,,<,,,,,,,,,,,,,<,,<,,,
M,Coutinho,,,,L,8,6,4,<,7,8,7,5,7,8,8,6,4,,,,,,,,<,4,4,4,5,7,6,4,5:6,7,7:8
A,Firmino,,,,L,4,6,6,8,,6,7,4,6,7,8,4,6,4,4,6,4,7,4,6,5,8,3,5,6,4,8,,5:9,5,6:9
A,Origi,,,,L,<,<,<,,<,,<,<,<,<,,<,<,6,6,7,4,5,<,<,4,<,<,<,,<,<,5,<:4,<,6:6
A,Sturridge,,,,L,,4,<,6,5,<,<,4,,,<,<,,,,,<,<,,7,,<,,<,,,,,:2,,:2
A,Ings,,,,L,,,,,,,,,,,,,,,,,,,,,,,,,,,,,,,
G,Boruc,,,,B,5,5,6,6,5,6,5,6,6,5,5,,,2,5,7,4,5,7,3,4,4,5,2,5,4,8,6,6,6,5
G,Federici,,,,B,,,,,,,,,,,,7,3,,,,,,,,,,,,,,,,,,
G,Allsop,,,,B,,,,,,,,,,,,,,,,,,,,,,,,,,,,,,,
G,Holmes,,,,B,,,,,,,,,,,,,,,,,,,,,,,,,,,,,,,
D,B. Smith,,,,B,,,,,,,,,,,,,4,,,,,3,,<,,,4,<,,,,,,,
D,Francis,,,,B,3,5,5,6,3,6,5,6,7,4,5,4,4,4,6,5,5,3,7,4,,,2,3,5,,,5,6,6,4
D,S. Cook,,,,B,4,6,5,6,3,6,4,8,6,4,5,7,3,7,4,7,5,3,6,5,3,5,5,3,4,5,6,5,6:2/(-1),6,5:2/(-1)
D,Daniels,,,,B,5,4,4,6,2,5,4,8,5,5,6,6,,,7,5,3,4,6,6,3,4,,,4,5,5,5,6:3,5,4:3
D,Aké,,,,B,,<,<,,,,,,,,,8,4,5,5,6,6,,7,5,,,,,,,,,:3,,:3
D,Mings,,,,B,,,,,,,,,,,,,,,,<,,,,,3,5,,2,<,5,5,,:(-2),,:(-2)
D,Cargill,,,,B,,,,,,,,,,,,,,,,,,,,,,,,,,,<,,,,
D,Lee,,,,B,,,,,,,,,,,,,,,,,,,,,,,,,,,,,,,
M,L. Cook,,,,B,4,,,,,,,,,,,,,,,,,,,,,,,,,,,,,,
M,Surman,,,,B,6,5,5,5,3,6,4,7,,5,,,,,,,,3,6,<,4,5,4,4,5,4,3,,6,5,
M,Arter,,,,B,4,4,7,5,3,7,6,6,6,4,5,6,5,5,5,6,5,4,7,6,5,,<,5,5,5,4,4,:1,<,5:1
M,Fraser,,,,B,,5,5,,,,,,<,<,<,,,<,5,,<,,6,7,5,5,4,5,3,5,5,6,6:3,5,<:3
M,Gosling,,,,B,,<,<,<,<,<,<,<,5,<,7,5,4,5,5,<,,3,<,5,,,,4,,<,<,4,7:2,5,:2
M,Stanislas,,,,B,,,,5,3,6,6,9,,,6,6,5,5,,,,<,7,7,5,5,5,,,,,,:4,,:4
M,Wilshere,,,,B,,,,<,3,6,4,6,5,5,5,7,,5,<,6,6,5,6,,4,6,5,6,5,5,,<,<,<,6
M,Hyndman,,,,B,,,,,,,,,,,,,,,,,,,,,,,,,,,,,,,
M,A. Smith,,,,B,4,5,5,7,3,6,5,7,5,5,4,,4,4,4,5,5,3,<,<,4,6,4,,4,4,4,5,6:1,5,5:1
M,Pugh,,,,B,,,,,,,,,,,,<,,,<,8,5,,,,<,<,,3,<,4,5,5,4:1,5,5:1
A,Ibe,,,,B,4,5,5,6,4,5,4,5,5,5,3,,<,<,,,<,<,,,,<,<,<,4,,,,<,,4
A,Wilson,,,,B,3,4,3,6,<,4,7,7,4,4,,4,6,6,3,<,4,,,6,<,4,<,,,,,,:6,,:6
A,King,,,,B,4,5,7,5,4,,<,<,5,3,4,4,5,5,<,5,4,4,<,4,<,6,4,7,4,5,7,8,7:11,4,6:12
A,Afobe,,,,B,<,,,,,<,<,<,<,<,<,<,<,<,6,6,<,<,7,,3,<,4,<,<,<,4,3,7:4,4,6:5
A,Gradel,,,,B,<,,,<,<,<,,,<,,,,,,,,,,,,,,,,,,<,,<,,<
A,Mousset,,,,B,,,,,,,,,,,<,,<,,,,,,,,,,,,,<,,<,,,
A,Grabban,,,,B,<,<,<,,,,,,,,,,,,,,,,,,,,,,,,,,,,
G,de Gea,,,,M,6,6,6,6,4,5,4,6,3,6,5,4,5,6,6,5,6,5,5,6,6,5,6,6,6,,5,,5,5,5
G,Romero,,,,M,,,,,,,,,,,,,,,,,,,,,,,,,,,,,,,
G,Johnstone,,,,M,,,,,,,,,,,,,,,,,,,,,,,,,,,,,,,
D,Valencia,,,,M,5,6,7,5,5,6,6,6,3,,,5,6,6,5,,6,6,7,7,6,6,5,8,6,,6,,7:1,6,:1
D,Bailly,,,,M,6,6,7,4,4,6,6,7,4,,,,,,<,6,,,5,,,,,6,7,,,,6,6,6
D,Blind,,,,M,6,6,7,5,,8,7,6,3,6,,<,,,,5,,7,6,,,5,6,<,6,,,,:1,,5:1
D,Shaw,,,,M,5,6,6,4,4,,,<,,5,,,,,,,,,,,,,,,,,7,,,,<
D,Smalling,,,,M,,<,<,,5,7,5,6,2,,,,,,,,<,,5,<,,5,<,7,6,,,,5:1,,:1
D,Darmian,,,,M,,,,,,,,,,6,5,5,5,5,5,<,6,,,5,5,,,,,,,,<,,
D,Rojo,,,,M,,,,,,,,,<,6,6,6,5,6,6,5,7,6,<,6,6,,6,5,,,7,,<:1,5,5:1
D,Fosu-Mensah,,,,M,,,,,,,,,,,<,,,,,,,,,,,,,,,,,,,,
D,Jones,,,,M,,,,,,,,,,,6,6,6,6,7,5,6,6,,6,7,6,6,,,,4,,5,,
M,Herrera,,,,M,6,<,,<,,6,6,7,5,6,,7,6,6,8,6,5,7,6,6,5,7,6,7,7,,,,,,6
M,Fellaini,,,,M,7,6,6,6,6,,,6,4,<,5,,<,<,<,,<,<,6,,<,6,,<,<,,<,,6:1,6,4:1
M,Schneiderlin,,,,M,<,,,,,,,,,,<,<,,,,,,,,,,,,,,,,,,,
M,Mkhitaryan,,,,M,<,<,<,4,,,,,,,,,<,6,6,,,<,7,6,6,5,4,8,6,,,,:3,4,<:3
M,Pogba,,,,M,,7,6,5,4,8,6,4,4,7,7,5,8,5,5,8,6,8,8,6,3,6,7,6,7,,6,,:4,,<:4
M,Lingard,,,,M,,,,4,,7,6,,4,6,<,,6,,,<,6,5,,4,,<,,,<,,<,,8:1,5,6:1
M,Ashley Young,,,,M,,,,,<,<,,5,,,6,,,,,,,,,,,,,<,,,,,7,6,6
M,Carrick,,,,M,,,,,,<,,,,,6,5,,5,6,6,6,6,,7,5,,5,,,,5,,5,5,6
M,Mata,,,,M,7,6,6,,<,8,5,,<,8,6,7,5,,,4,,6,<,<,<,3,<,7,8,,5,,6:6/(-1),,:6/(-1)
A,Rooney,,,,M,7,6,7,4,4,<,<,<,,<,7,<,<,,,6,6,<,,,<,<,<,,,,5,,:2,<,:2
A,Martial,,,,M,6,5,5,<,4,,<,,<,,,5,,6,4,,,,7,,5,,,,8,,5,,<:3,5,:3
A,Depay,,,,M,<,,,,<,,<,,,<,,,,,,,,,,,,,,,,,,,,,
A,Rashford,,,,M,,,<,<,5,6,5,5,3,5,,4,4,<,<,<,<,,<,<,,<,5,6,<,,<,,4:3,5,5:3
A,Ibrahimovic,,,,M,7,7,5,6,4,5,6,4,4,6,8,,6,6,5,7,7,8,6,6,6,4,5,7,6,,2,,:15,,4:16
G,Courtois,,,,C,5,5,6,4,5,4,6,6,7,6,5,6,6,6,6,6,6,6,4,4,7,7,5,6,6,5,4,,5,4,6
G,Begovic,,,,C,,,,,,,,,,,,,,,,,,,,,,,,,,,,,,,
G,Eduardo,,,,C,,,,,,,,,,,,,,,,,,,,,,,,,,,,,,,
D,Ivanovic,,,,C,6,6,6,6,5,4,,,,<,,<,<,,<,<,<,,<,,,,,,,,,,,,
D,Cahill,,,,C,5,5,6,4,5,2,6,6,7,5,6,6,5,6,5,6,6,6,6,4,6,7,5,6,5,5,5,,5:4/(-1),4,5:4/(-1)
D,Terry,,,,C,5,5,6,5,,,,,,,<,,,,,,,,,,,,,,,,,,,,
D,Azpilicueta,,,,C,6,5,6,5,4,4,5,7,7,6,6,5,5,5,7,6,7,6,4,5,5,6,5,5,5,5,5,,6,4,6
D,Zouma,,,,C,,,,,,,,,,,,,,,,,,,,,,,,<,,<,<,,<,,5
D,Aina,,,,C,,,,,,,,<,,,,,,,,,,<,,,,,,,,,,,,,
D,David Luiz,,,,C,,,,,4,4,6,6,6,6,7,6,6,6,6,6,6,6,5,4,6,5,7,5,5,5,6,,7:1,4,6:1
D,Alonso,,,,C,,,,,,<,6,6,7,6,8,6,5,7,6,6,5,6,4,4,8,6,5,7,5,5,5,,6:4,5,5:4
M,Willian,,,,C,6,,7,6,5,4,7,,<,<,,,<,<,<,7,5,6,8,<,6,<,4,<,<,<,<,,7:6,<,<:6
M,Oscar,,,,C,6,5,6,7,4,,<,,,,<,<,<,,,,,,,,,,,,,,,,,,
M,Kanté,,,,C,6,6,6,6,5,4,7,7,8,7,7,5,5,6,6,6,6,,6,3,5,6,5,5,6,6,5,,7:1,5,6:1
M,Matic,,,,C,5,5,6,5,6,4,6,7,7,6,8,6,6,,6,<,6,6,<,7,7,5,6,5,4,<,<,,6,5,<
M,Hazard,,,,C,6,7,8,5,5,3,6,7,7,7,9,7,6,7,5,,6,8,6,3,6,4,5,7,6,7,7,,:11,7,7:13
M,Moses,,,,C,<,<,<,<,<,,6,7,7,7,7,5,6,6,5,6,6,7,5,4,6,7,6,6,5,6,6,,6:3,,:3
M,Loftus-Cheek,,,,C,,,,,,,,<,,,,,,,,,,,,,<,,,,,,,,<,<,<
M,Chalobah,,,,C,,,,,,,<,<,<,,,<,,<,,<,,<,<,,,,,,,,,,,,
M,Fabregas,,,,C,,<,,<,<,4,,,,,,,,7,<,7,<,6,7,<,<,<,<,<,<,8,5,,<:3,7,5:4
A,Diego Costa,,,,C,6,6,6,8,6,3,7,7,6,7,7,7,6,8,7,5,6,,7,4,,7,3,5,5,7,6,,5:17,4,5:17
A,Batshuayi,,,,C,<,<,<,<,,<,,,<,<,<,,,<,,,<,<,,<,<,<,<,,<,,,,:1,<,:1
D,Pennington,,,,E,,,,,,,,,,,,,,,,,,,,,,,,,,,,,,5,<:1
M,Mirallas,,,,E,5,6,5,7,5,5,<,<,5,5,<,<,<,5,4,<,,7,7,<,7,5,5,<,,<,<,7,,<,6:4
M,Lanzini,,,,W,,,<,4,6,4,<,7,6,4,4,7,4,4,5,5,4,,<,5,7,8,3,<,7,6,6,6,8,6,4:7
D,Husband,,,,M,,,,,,,,,,,,,,,,,,,,,,,,,,,,,,,3
A,Arnautovic,,,,S,5,3,5,3,4,5,4,8,5,5,,5,5,7,5,3,,,,6,8,5,6,4,6,3,8,,4,5,3:4
G,Martinez,,,,A,,,,,,,,,,,,,,,,,,,,,,,,,,,,,,,6
M,Mané,,,,L,7,,4,6,4,7,6,4,7,6,8,5,6,7,6,6,7,5,4,6,,,<,5,8,4,7,5,6,7,:13
A,Pedro,,,,C,<,5,<,,<,<,<,6,7,5,8,4,7,4,5,5,,7,,4,7,5,<,6,6,8,6,,6,6,6:7