poste,nom,tit,entrees,buts,team,J01,J02,J03,J04,J05,J06,J07,J08,J09,J10,J11,J12,J13,J14,J15,J16,J17,J18,J19,J20,J21,J22,J23,J24,J25,J26,J27,J28*,J29,J30*,J31*
G,Pelé,,,,OM,6,5,7,4,5,4,5,6,6,7,6,4,6,4,6,7,6,6,6,4,5,6,5,6,5,6,4,5,7,6,6
G,Samba,,,,OM,,,,,,,,,,,,,,,,,,,,,,,,,,,,,,,
D,Sparagna,,,,OM,,,,,,,,,,,,,,,,,,,,,,,,,,,,,,,
D,Doria,,,,OM,5,4,5,4,5,,6,5,6,5,5,4,,,,,<,,,<,5,<,4,6,,<,,<:1,,<:1,:1
D,Aloé,,,,OM,,,,,,,,,,,,,,,,,,,,,,,,,,,,,,,
D,Andonian,,,,OM,,,,,,,,,,,,,,,,,,,,,,,,,,,,,,,
D,Tuiloma,,,,OM,,,,,,,,,,,,,,,,,,,,,,,,,,,,,,,
D,Rekik,,,,OM,5,3,6,4,,4,,,,<,,,5,3,,,,,6,3,,,,,,,,,,,
D,Rolando,,,,OM,,,,,,,,<,,5,5,4,7,3,6,6,5,6,6,5,3,7,5,6,4,6,2,8:4,6,7:4,4:4
D,Sakai,,,,OM,5,4,7,3,5,Bl.,7,4,6,5,,5,6,4,6,6,5,6,4,3,4,5,4,6,5,,3,6,6,5,6
D,Hubocan,,,,OM,6,5,6,4,6,2,<,,<,,,,,,5,6,5,5,,,,,,,,,,,,,
D,Fanni,,,,OM,,,,,,,6,5,7,6,5,4,6,3,5,6,5,7,5,3,4,6,6,6,4,,3,:1,6,5:1,:1
D,Evra,,,,OM,,,,,,,,,,,,,,,,,,,,,,5,,,3,5,4,,,,
D,Bédimo,,,,OM,Bl.,,,,4,4,4,5,6,5,5,4,,,,,,,,,,,,,,,4,6,6,5,5
M,Alessandrini,,,,OM,,,,,,,,,,,<,4,5,,<,,,,,,<,,,,,,,,,,
M,Sarr,,,,OM,5,4,<,5,4,<,<,4,6,,4,,<,,,<,<,<,<,<,4,<,4,,<,<,,<,<,,
M,Cabella,,,,OM,5,4,8,,<,5,5,5,,,<,5,,<,4,,,<,6,3,<,8,4,<,,<,<,6:1,7,5:2,<:2
M,Diarra,,,,OM,5,5,7,,,,,,7,5,6,5,,3,,,,<,<,,,,,<,,,,,,,
M,Zambo Anguissa,,,,OM,,,<,5,6,4,5,5,,4,,5,<,<,5,7,5,6,6,3,5,6,5,<,4,5,4,6,<,<,<
M,Thauvin,,,,OM,4,<,6,6,4,4,6,6,6,4,6,5,4,4,5,7,7,7,6,3,4,7,4,5,4,7,3,8:8,8,5:10,4:10
M,Diaby,,,,OM,4,4,,,,,,,,,,,,,,,,,,,,,,,,,,,,,
M,Khaoui,,,,OM,5,4,<,<,,,<,,,,,,,,<,<,,,,<,<,,,,,,,,,,
M,Machach,,,,OM,<,,5,<,<,4,,<,,5,5,,5,,,,<,,,,,,,,,,,,,,
M,Vainqueur,,,,OM,,,,4,7,5,7,6,6,,,,6,4,7,7,6,7,6,5,,7,,6,6,6,5,6,7,,6
M,Lopez,,,,OM,,<,,,,<,,,<,,5,5,7,3,5,5,7,6,5,5,4,5,5,6,,5,5,:1,6,5:1,5:1
M,Sanson,,,,OM,,,,,,,,,,,,,,,,,,,,,4,<,<,7,6,6,,6:1,6,5:1,5:1
M,Sertic,,,,OM,,,,,,,,,,,,,,,,,,,,,,,6,,,7,<,6,,5,5:(-1)
M,Payet,,,,OM,,,,,,,,,,,,,,,,,,,,,,,<,7,5,6,4,7:2,7,5:2,8:3
M,Ocampos,,,,OM,,,,,,,,,,,,,,,,,,,,,,,,,,,,,,,
A,Porsan,,,,OM,,,,,,,,,,,,,,,,,,,,,,,,,,,,,,,
A,Rabillard,,,,OM,,,,,,,,,,,,<,<,,,,,,,,,,,,,,,,,,
A,Leya Iseka,,,,OM,,<,4,6,5,,,<,<,,<,,,,,<,,,,,,,,,,,,,,,
A,Njie,,,,OM,,,,<,<,6,6,,5,4,,3,,4,<,7,5,5,<,,,,,,,6,4,<:4,<,<:4,<:4
A,Gomis,,,,OM,5,4,7,5,4,7,6,4,6,4,4,,6,3,4,7,6,6,6,3,4,9,<,6,7,,,:16,,:16,4:16
G,Lopes,,,,OL,7,6,4,4,6,5,5,7,7,5,5,5,7,6,6,,8,5,6,5,6,4,5,6,4,,6,5,6,5,6
G,Gorgelin,,,,OL,,,,,,,,,,,,,,,,,,,,,,,,,,5,,,,,
G,Mocio,,,,OL,,,,,,,,,,,,,,,,,,,,,,,,,,,,,,,
D,Jallet,,,,OL,,,,,,,,,,,,,,,,,,<,7,,,,5,7,4,6,7,,8,:1,:1
D,Morel,,,,OL,6,,,3,4,6,5,5,4,,5,6,5,5,,,6,6,5,4,6,5,4,6,5,5,,4,6,4,7
D,Rafael,,,,OL,5,7,3,4,6,8,Bl.,,<,4,4,,5,6,7,,5,6,,4,6,4,,,,,7,6,,4,4
D,Yanga-Mbiwa,,,,OL,5,6,4,4,5,,5,,4,,<,,6,5,6,,5,7,6,5,6,5,4,6,4,,,,6,4,5
D,Rybus,,,,OL,,5,4,,5,6,5,5,3,4,<,,5,4,6,,,<,<,<,,,,<,,,,,,,
D,Diakhaby,,,,OL,,,,4,,,,,,4,6,5,5,5,8,,6,6,6,Bl.,,,,,5,6,7,5:1,,5:1,6:1
D,Mammana,,,,OL,,,,,,7,5,6,4,,6,6,,,,,,,,,5,6,4,6,,4,6,7:1,7,:1,:1
D,Gaspar,,,,OL,,,,,,,,,3,,,5,,,,,,,,,,,,,,,,,,,
D,Nkoulou,,,,OL,6,7,3,,6,6,,6,,4,,,,,,,,,,,,,,,,,,,,,
M,C. Grenier,,,,OL,<,<,<,,,,,,,,,<,,,,,,,,,,,,,,,,,,,
M,Ghezzal,,,,OL,,,,4,<,<,<,<,5,6,5,7,,4,5,,6,7,4,,,<,3,,4,5,<,:2,<,<:2,:2
M,Ferri,,,,OL,<,<,<,4,4,,5,6,4,,,<,6,5,<,,<,,<,,<,,<,<,<,,,<,7,,
M,Gonalons,,,,OL,6,7,5,4,,,,,6,6,6,7,8,5,8,,6,,7,6,7,5,5,8,6,5,,5:1,7,6:1,:1
M,Tolisso,,,,OL,5,7,7,<,5,8,5,6,4,5,7,6,6,5,8,,6,5,,4,7,5,5,,,8,8,6:6,,5:6,5:6
M,Fekir,,,,OL,6,6,4,,,8,5,6,,,4,6,,4,<,,4,5,7,4,5,5,4,7,5,<,6,4:6,4,4:6,<:6
M,Valbuena,,,,OL,<,<,3,,,<,6,4,,<,,,<,6,8,,7,7,5,5,7,4,<,Bl.,,,<,<:7,<,5:7,6:7
M,Darder,,,,OL,5,5,6,4,5,6,,7,5,4,,<,<,,8,,<,,,<,,<,4,,<,,<,:1,5,<:1,5:1
M,Tousart,,,,OL,,,,<,5,6,5,6,,,<,,,<,,,,6,6,5,<,,,6,6,6,7,5,,,5
M,Kemen,,,,OL,,,,,<,,5,,,,,,,,,,,,,,,,,,,,,,,,
M,Perrin,,,,OL,,,,,,,,,,,,,,,,,,,,,,,,,,,,,,,
M,Del Castillo,,,,OL,,,,,,,,,,,,,,,,,,,,,,,,,,,,,,,
A,Lacazette,,,,OL,9,7,Bl.,4,,,,,<,6,7,6,6,4,6,,5,6,7,7,8,5,4,7,6,6,8,4:22,,6:23,3:23
A,Kalulu,,,,OL,,,,6,<,,,<,,<,,,,,,,,,,,,,,,,,,:1,,:1,:1
A,Mateta,,,,OL,,,,,,<,,,,,,,,,,,,,,,,,,,,,,,,,
A,Depay,,,,OL,,,,,,,,,,,,,,,,,,,,,<,4,3,7,<,7,8,4:3,8,3:5,<:5
A,Cornet,,,,OL,4,6,4,<,4,7,<,,,4,4,5,6,,<,,<,<,<,4,5,<,,6,4,<,6,<:2/(-1),7,<:3/(-1),7:4/(-1)
G,Sirigu,,,,PSG,,,,,,,,,,,,,,,,,,,,,,,,,,,,,,,
G,Areola,,,,PSG,,,,,5,7,5,6,6,5,6,,,5,6,3,4,4,,,,<,5,4,,,,,,,
G,Trapp,,,,PSG,6,7,4,5,,,,,,,,6,6,,,,,,6,6,5,6,,,7,6,5,6,5,5,
D,Thiago Silva,,,,PSG,,,,,,6,6,6,6,7,6,7,6,6,8,3,6,4,8,6,6,6,8,6,,,7,7:3,6,6:3,:3
D,Marquinhos,,,,PSG,,,,5,7,<,5,6,5,6,6,6,,6,,4,5,5,6,6,6,5,6,,7,5,7,:1,5,6:1,:1
D,David Luiz,,,,PSG,6,6,4,,,,,,,,,,,,,,,,,,,,,,,,,,,,
D,Kimpembé,,,,PSG,6,7,4,5,6,7,,,5,,,,7,,6,,,,,,,,,6,7,5,,6,,,
D,Aurier,,,,PSG,5,7,6,,,,3,,,6,,6,6,6,,3,6,4,,,,,6,6,,6,,7:(-1),<,5:(-1),:(-1)
D,Maxwell,,,,PSG,,,,,8,7,5,,,5,,7,5,5,6,,,,,,6,,,6,,5,,,,6,
D,Kurzawa,,,,PSG,6,8,4,5,,,,7,,,5,,,,,4,5,5,6,6,,6,5,,6,,7,7:2,6,:2,:2
D,Meunier,,,,PSG,,,<,6,8,6,,6,5,,7,,,<,6,,<,,8,6,7,7,,,5,,7,:1,6,:1,:1
D,Rimane,,,,PSG,,,,,,,,,,,,,,,,,,,,,,,,,,,,,,,
M,T. Motta,,,,PSG,5,7,5,7,<,7,<,7,,6,4,<,7,6,6,,5,5,7,6,5,5,7,7,7,6,,,,<,
M,Matuidi,,,,PSG,<,<,<,6,6,<,4,6,5,<,5,5,7,4,,4,4,5,7,6,5,5,6,6,,,8,6:1,,<:1,:1
M,Verratti,,,,PSG,<,<,4,6,,,,6,6,5,5,8,5,7,,,6,6,7,7,6,,,,7,<,7,6:2,,5:2,:2
M,Rabiot,,,,PSG,6,6,5,,7,6,5,<,<,6,<,8,,,,,,,,<,<,5,5,<,6,6,6,:1,6,7:2,:2
M,Pastore,,,,PSG,5,7,,,,5,<,,,,,,<,,,,,,,,,,,,,<,6,6,5,8,
M,Di Maria,,,,PSG,6,8,4,<,6,6,5,7,,6,7,7,Bl.,,,4,6,4,,<,<,<,,7,7,,<,:2,7,6:2,:2
M,Augustin,,,,PSG,,,,,<,<,<,,<,,,,5,<,<,<,,<,<,,,,,,,,,:1,,:1,:1
M,Nkunku,,,,PSG,,,,,,,,,,,,,,,,3,,4,5,,,,<,,<,4,,,6,:1,:1
M,Ben Arfa,,,,PSG,4,<,<,5,,,,<,<,<,<,<,5,4,7,<,<,,,<,<,,<,5,<,<,<,<,<,,
M,Krychowiak,,,,PSG,,,,5,7,,6,,7,,,,,<,6,5,5,5,<,,,,,,,,,6,,,
M,Jesé,,,,PSG,<,,,4,<,,,,,<,<,5,<,,<,<,,,,,,,,,,,,:1,,:1,:1
M,Callegari,,,,PSG,,,,,,,,,,,,,,,<,,,,,,,,,,,,,,,,
M,Draxler,,,,PSG,,,,,,,,,,,,,,,,,,,,7,5,5,5,5,<,4,<,<:2,6,7:3,:3
M,Ikoné,,,,PSG,,,,,,,,<,4,,,,,,5,,,,<,,,,,,,,,,,,
A,Cavani,,,,PSG,,4,5,<,9,6,3,8,6,3,6,7,,7,6,3,7,6,6,4,8,6,7,7,8,4,6,6:27,4,5:27,:27
A,Bahebeck,,,,PSG,,,,,,,,,,,,,,,,,,,,,,,,,,,,,,,
A,Lucas,,,,PSG,4,7,5,6,8,6,4,6,7,5,6,5,5,5,7,3,5,<,8,4,7,5,7,<,6,6,7,5:9,,<:9,:9
A,Guedes,,,,PSG,,,,,,,,,,,,,,,,,,,,,,<,<,,,,,4,,,
A,Ongenda,,,,PSG,,,,,,,,,,,,,,,,,,,,,,,,,,,,,,,
G,Cardinale,,,,OGCN,6,6,5,5,6,8,6,5,6,4,5,7,6,5,7,6,6,6,6,,,6,4,6,5,7,5,6,3,5,6
G,Pouplin,,,,OGCN,,,,,,,,,,,,,,,,,,,,,,,,,,,,,,,
G,Benitez,,,,OGCN,,,,,,,,,,,,,,,,,,,<,6,5,,,,,,,,,,
G,Hassen,,,,OGCN,,,,,,,,,,,,,,,,,,,,,,,,,,,,,,,
D,Boscagli,,,,OGCN,,,,,,,,,,,,,,,,,<,,,,,,,,,,,,,,
D,Le Marchand,,,,OGCN,,,,,,,,,,,,,,,,,,5,5,,,,,,<,<,,,,6,5
D,Baysse,,,,OGCN,6,6,6,5,7,7,6,5,7,,,,,,,,,,,5,,<,4,6,5,5,5,6:2,5,:2,:2
D,Ricardo Pereira,,,,OGCN,,5,4,7,,8,5,7,6,5,7,5,7,5,5,6,5,,,4,,,,,,,,:1,,5:1,5:1
D,Dalbert,,,,OGCN,5,5,5,4,5,6,5,5,5,,,4,6,5,5,6,6,,,5,6,5,4,7,4,6,5,6,5,5,5
D,Sarr,,,,OGCN,7,5,5,5,5,5,5,5,7,5,6,5,6,5,6,6,5,6,6,4,4,5,4,,,,,:1,,:1,<:1
D,Souquet,,,,OGCN,4,,,,5,,,,,5,5,,,,,,5,5,6,5,6,7,3,6,4,7,7,5:1,4,4:1,5:1
D,Dante,,,,OGCN,,,,5,5,6,6,6,6,5,5,5,6,6,7,8,5,6,,5,5,5,4,6,5,6,6,6,6,6,4
D,Burner,,,,OGCN,,,,,,,,,,,,,,,,,,,5,,4,,,,,,,,,,
D,Bodmer,,,,OGCN,<,5,5,,5,<,6,5,,<,5,4,<,,<,,,,,,,,,,,,,,,,
M,Koziello,,,,OGCN,5,5,7,5,,6,,,<,,<,,<,,6,<,<,<,6,6,5,5,,,5,,<,:1,,<:1,6:1
M,Seri,,,,OGCN,6,7,7,6,,7,,5,7,8,8,5,5,6,6,7,6,5,5,,,6,4,6,6,6,6,5:3,6,6:4,5:4
M,Lloris,,,,OGCN,,,,,,,,,,,,,,,,,,,,,,,,,,,,,,,
M,P. Puel,,,,OGCN,,,,,,,,,,,,,,,,,,,,,,,,,,,,,,,
M,Walter,,,,OGCN,5,<,<,,6,,5,,6,7,,,6,5,<,5,5,5,,,5,<,,5,,,,5,5,,
M,Lusamba,,,,OGCN,5,<,<,,4,,,,,,<,,,,,,,,,4,,,,,,,,,,,
M,Marcel,,,,OGCN,4,,,,,,,,,,,,,,,<,,,,<,,<,,,,,,,4,,
M,Cyprien,,,,OGCN,<,5,6,8,<,7,6,6,7,8,8,5,7,6,6,6,6,6,7,5,7,7,3,7,5,6,6,7:8,5,:8,:8
M,Eysseric,,,,OGCN,,6,5,<,<,<,6,<,<,5,<,,7,5,6,5,,,,,,6,3,6,7,6,6,7:2,4,4:2,6:3
M,Belhanda,,,,OGCN,,,,<,6,6,<,5,6,8,6,4,4,4,7,7,4,5,5,,,,<,5,4,5,4,5:3,,4:3,4:3
M,Obbadi,,,,OGCN,,,,,,,,,,,,,,,,,,,,,,,,<,<,6,6,,,5,
M,Srarfi,,,,OGCN,,,,,,,,,,,,,,,,,,,,,,,,,,,<,,,,
M,Rafetraniaina,,,,OGCN,,,,,,,,,,,,,,,,,,,,,,,,,,,,,,,
A,Bosetti,,,,OGCN,,,,,,,,,,,,,,,,,,,,,,,,,,,,,,,
A,Constant,,,,OGCN,,,,,,,,,,,,,,,,,,,,,,,,,,,,,,,
A,Honorat,,,,OGCN,,,,,,,,,,,,,,,,,,,,,,,,,,,,,,,
A,Ranieri,,,,OGCN,,,,,,,,,,,,,,,,,,,,,,,,,,,,,,,
A,Caddy,,,,OGCN,,,,,,,,,,,,,,,,,,,,,,,,,,,,,,,
A,Le Bihan,,,,OGCN,,,,,,,,,,,,,,,,,,,,,,,,,,,<,<:2,<,<:2,<:2
A,Pléa,,,,OGCN,4,7,4,4,4,<,7,<,<,8,7,4,3,6,4,7,6,6,4,4,5,7,4,3,Bl.,,,:11,,:11,:11
A,Donis,,,,OGCN,<,,,,<,,<,,,<,,<,<,,<,<,,,,<,,,,,6,<,4,:1,<,:2,:2
A,Balotelli,,,,OGCN,,,,8,,8,,6,5,,7,3,,,,,<,7,4,,4,7,4,<,,3,,5:9,6,5:10,6:11
A,Benrahma,,,,OGCN,,,,,,,,,,,,,,,,,,,,,,,,,,,,,,,
G,Ruffier,,,,ASSE,4,6,6,6,7,8,5,6,5,6,6,6,6,7,7,5,8,,,,,,,,6,5,6,6,4,6,
G,Moulin,,,,ASSE,,,,,,,,,,,,,,,,,,,,6,6,6,7,6,,,,,,,
G,Maisonnial,,,,ASSE,,,,,,,,,,,,,,,,,,6,6,,,,,,,,,,,,
D,Théophile-Catherine,,,,ASSE,2,<,5,5,5,,,,5,,,5,5,,5,4,6,4,6,6,6,6,5,5,6,5,5,6,5,7,
D,Perrin,,,,ASSE,4,5,,6,7,Bl.,,,6,7,7,5,6,<,6,5,7,,,5,6,6,7,,7,,5,6:3,8,5:4,:4
D,Karamoko,,,,ASSE,,4,,,,,,,,,,,,,,,,,,,,,,,,,,,,,
D,Polomat,,,,ASSE,5,,,,,,,,,,,,,,6,,<,,,5,5,,,,,,5,<,,,
D,Malcuit,,,,ASSE,,7,6,6,5,<,,4,6,6,5,,5,6,,,7,,5,6,4,6,6,,5,5,,,3,,
D,Pierre Gabriel,,,,ASSE,,<,5,,,6,Bl.,,,,,,,,,,,4,,,,,,4,,,5,7,6,7,
D,M'Bengue,,,,ASSE,5,,,5,,,,,6,5,5,5,4,5,,4,5,4,6,,,,,,,,,,,5,
D,Lacroix,,,,ASSE,,,,<,6,5,5,3,,6,6,5,5,5,,4,,5,6,,,,,5,,4,5,,,<,
D,F. Pogba,,,,ASSE,4,6,6,5,,Bl.,,,,,,,,7,6,,7,,,,<,8,7,5,6,3,,:1,,:1,:1
M,Clément,,,,ASSE,,6,,,,,<,,5,,,,,,,,,,,,,,,,,,,,,,
M,Corgnet,,,,ASSE,3,,,,,,,,,,,,,,,,,,,,,,,,<,,,<,<,<,
M,Hamouma,,,,ASSE,7,,,<,<,5,<,Bl.,,,,,,<,<,3,7,4,6,6,5,7,7,4,6,<,,:7,4,6:7,:6
M,Lemoine,,,,ASSE,,5,<,5,<,Bl.,,,,,,,,,,,,,,5,6,<,<,,<,,5,<,,<,
M,Pinheiro,,,,ASSE,,,,,,,,,,,,,,,,,,,,,,,,,,,,,,,
M,Selnaes,,,,ASSE,4,,6,6,6,,6,4,,5,5,,5,<,6,4,,5,,<,5,6,<,5,,5,,,4,6,
M,Saivet,,,,ASSE,,,5,4,,,,,<,7,5,5,5,6,4,<,,,<,,,,6,4,6,5,4,5:1,4,5:1,:1
M,Veretout,,,,ASSE,,,<,5,5,5,5,4,6,7,7,6,5,,5,4,5,6,6,5,5,6,6,5,7,4,5,6:2,6,7:3,:3
M,Dabo,,,,ASSE,,,,,,6,6,4,,<,<,<,<,5,,4,,4,5,4,,<,,,,,,,<,,
M,Nordin,,,,ASSE,,,,,,,6,4,<,,,5,<,6,<,<,,,<,,<,<,,,,,,:1,,:1,:1
M,Rocha Santos,,,,ASSE,,,,,,,,,,,,,,,,,,,,,,,,,,,4,,,,
M,Maïga,,,,ASSE,,,,,,,,,,,,,,,,,,,,,,,,,,,,4,,,
M,Pajot,,,,ASSE,4,,5,,6,5,6,5,5,<,,5,,6,<,,5,<,6,,,,6,,7,<,<,5:1,,:1,:1
A,Monnet-Paquet,,,,ASSE,<,7,5,,6,6,6,4,4,6,4,<,<,,4,<,<,<,4,5,5,7,6,5,7,6,4,5:3,4,6:3,:4
A,Bamba,,,,ASSE,,,,,,,,,,,,,,,,,,,,,,,,,,,,,,,
A,Maupay,,,,ASSE,,,,,,,,,,,,,,,,,,,,,,,,,,,,,,,
A,Beric,,,,ASSE,4,<,5,<,3,,6,4,,,4,,,,,,<,,,,,,,,,<,4,4:3,6,4:4,:4
A,Söderlund,,,,ASSE,<,,,,<,,,4,4,5,<,<,4,,4,,4,,5,,,,6,<,,,,:1,<,:1,:1
A,Tannane,,,,ASSE,5,6,6,,4,4,5,5,4,6,5,,,7,5,5,5,5,,,,,,,,,,:1,,:1,:1
A,Saint-Louis,,,,ASSE,,7,,,,,,,,,,,,,,,,,,,,,,,,,,:1,,:1,:1
A,Keyta,,,,ASSE,,,,,,,,,,,,,,,,,,,,<,4,5,,<,,,,,,,
A,Jorginho,,,,ASSE,,,,,,,,,,,,,,,,,,,,,,,,<,8,3,,4:1,,:1,:1
A,Roux,,,,ASSE,,5,<,4,,5,6,<,<,<,<,4,4,5,,4,,,,4,<,7,<,4,<,4,<,:4,,:4,:4
G,Enyeama,,,,L,4,6,6,3,6,4,3,6,5,5,6,4,5,6,3,6,5,5,5,5,7,7,,6,5,6,5,7,5,6,6
G,Maignan,,,,L,,,,,,,,,,,,,,,,,,,,,,,6,,,,,,,,
G,Butez,,,,L,,,,,,,,,,,,,,,,,,,,,,,,,,,,,,,
D,Soumaoro,,,,L,5,6,6,,,5,,<,5,6,5,5,5,6,6,7,6,5,5,6,6,5,5,5,6,6,,5,6,5,7
D,Béria,,,,L,,,6,,6,,,,4,5,5,5,5,6,,5,<,5,,5,6,6,4,5,,6,4,6:1,6,5:1,5:1
D,Corchia,,,,L,4,7,5,3,6,4,3,6,4,7,5,5,5,5,5,7,6,3,5,6,5,6,5,5,3,6,4,5:1,6,5:1,5:1
D,Amadou,,,,L,5,6,3,3,Bl.,,,<,4,6,5,5,5,5,6,5,5,5,6,6,6,5,6,4,,7,4,5,5,5,6
D,Civelli,,,,L,6,6,5,3,5,,5,5,5,6,5,,,,,7,,<,5,,,,,,,,,:1,,:1,:1
D,Sunzu,,,,L,,<,,,3,,,,,,5,,,,,,,,,,,<,,,,,,,,,
D,Palmieri,,,,L,6,6,<,4,,4,4,6,,<,5,,,,7,<,5,<,6,,6,5,,6,5,,4,:1,,:1,<:1
D,Alonso,,,,L,,,,,,,,,,,,,,,,,,,,,,,,,,<,4,,<,5,7
D,Mendyl,,,,L,,,,,,,,,,,,,,,,,,,,,,,,,,<,,,,,
D,Basa,,,,L,,,,3,6,5,4,6,,,,5,6,6,5,,6,5,,6,6,6,5,5,4,6,,5:1,5,:1,:1
M,Martin,,,,L,,,,,,,,,,,,,,,,,,,,,,,,,,,,,,,
M,Meïté,,,,L,,,,,,,,,,,,,,,,,,,,,,,,,,,,,,,
M,Bauthéac,,,,L,4,<,5,<,,4,5,5,,,,,,,,,,,,,,4,,<,5,5,4,<,,,
M,Obbadi,,,,L,4,,,,,,,,3,,,,,5,5,5,,,,,,,,,,,,,,,
M,Lopes,,,,L,7,,,,5,5,5,5,,,,,<,4,8,5,5,5,4,5,Bl.,,,,,,<,5:3,6,5:4,4:4
M,Amalfitano,,,,L,5,5,4,4,4,,<,5,<,,<,4,4,<,<,<,<,,,<,4,,,,,,,,,,
M,Y. Koné,,,,L,,,,,,,,,,,,,,,,,,,,,,,,,,,,,,,
M,Sankharé,,,,L,<,6,5,4,5,4,4,6,<,6,5,5,4,,<,<,7,5,5,5,5,5,,,,,,:2,,:2,:2
M,Bissouma,,,,L,,,,,,5,,5,4,5,<,,<,<,,,,<,<,,,<,<,<,6,,,4:1,<,<:1,:1
M,Sliti,,,,L,,,,,,<,,,4,7,<,5,,,8,5,4,5,5,,,,5,,<,<,,:1,,:1,:1
M,Terrier,,,,L,,,,,,,,,,<,,<,<,<,,,<,,<,5,,<,,,<,,,,,,
M,Xeka,,,,L,,,,,,,,,,,,,,,,,,,,,,,5,4,4,5,4,4,,5,6
M,Kishna,,,,L,,,,,,,,,,,,,,,,,,,,,,,<,4,<,,,,<,<,
M,Bahlouli,,,,L,,,,,,,,,,,,,,,,,,,,,,,,,3,,,,,,
M,Mavuba,,,,L,<,,,4,4,5,4,5,5,6,4,3,4,,,,,,,,,,,,,,<,,5,,<
A,Mendes,,,,L,<,5,<,4,<,<,4,,,,,,,,,,,,,,,,,,,,,,,,
A,Araujo,,,,L,,,,,,,,,,,,,,,,,,,,,,,,,,,,,,,
A,Tallo,,,,L,,,,,,,,,,,,,,,,,,,,,,,,,,,,,,,
A,Guillaume,,,,L,,,,,,,,,,,,,,,,,,,,,,,,,,,,,,,
A,Nangis,,,,L,,,,,,,,,,,,,,,,,,,,,,,,,,,,,,,
A,Eder,,,,L,6,5,5,3,4,<,6,5,4,7,4,4,4,4,Bl.,,,4,4,5,,,<,,,,6,5:5,4,4:5,4:5
A,De Préville,,,,L,,5,<,3,<,6,<,,,,,,5,5,7,7,7,,,<,4,5,4,<,4,4,6,5:6,6,5:7,6:8
A,El Ghazi,,,,L,,,,,,,,,,,,,,,,,,,,,,,4,4,5,5,3,5:1,,<:1,<:1
A,Benzia,,,,L,,<,6,4,,,,,<,,,<,,6,7,7,5,5,4,5,4,8,4,4,,6,4,<:3,5,5:3,5:3
G,Carrasso,,,,FCGB,,,7,5,5,6,6,6,6,5,,,,,,,,,,,,,5,6,4,6,4,5,4,6,5
G,Bernardoni,,,,FCGB,,,,,,,,,,,,,,,,,,,,,,,,,,,,,,,
G,Prior,,,,FCGB,3,2,,,,,,,,,6,3,6,5,6,7,2,4,6,5,7,6,,,,,,:(-1),,:(-1),:(-1)
D,Pallois,,,,FCGB,6,3,,4,5,7,5,4,6,5,6,5,,5,7,5,3,2,,5,6,,5,6,4,7,4,5:2,5,7:2,:2
D,Contento,,,,FCGB,,,,5,4,7,5,4,5,6,5,6,,,6,5,4,3,,,,,,,,7,7,4,4,7,5
D,Poundjé,,,,FCGB,5,3,5,,,,,,,,,,4,5,,4,,,,,,5,,,,,,,,,
D,Yambére,,,,FCGB,,,,,,,,,,,,,,,,,,,,,,,,,,,,,,,
D,Pablo,,,,FCGB,,,,,,,,,,,,,,,,,,,,,,,,,,,,,,,
D,Sabaly,,,,FCGB,4,2,5,7,5,7,5,4,5,4,5,8,5,4,5,4,4,,,5,5,,,6,3,,,,,7,6
D,Lewczuk,,,,FCGB,,,,,5,6,6,4,5,5,,,6,4,5,5,,2,6,5,6,7,Bl.,,,,,:1,5,5:1,4:1
D,Jovanovic,,,,FCGB,,,,,,,,,,,,,,,,,,,,,,,,6,4,5,4,5,,,5
D,Pellenard,,,,FCGB,,,,,,,,,,,,,,,,,,,6,4,5,6,4,<,,,,,,,
M,Sertic,,,,FCGB,,,5,7,,7,5,4,4,<,5,6,5,,5,5,4,3,6,5,<,,,,,,,:1,,:1,:1
M,Plasil,,,,FCGB,5,4,5,5,5,6,5,3,<,5,5,6,5,7,6,4,4,5,6,<,4,5,5,8,3,<,<,<:1,5,<:1,:1
M,Traoré,,,,FCGB,<,,,<,<,<,,,,,<,<,,,,,,,,,,,,,,,,,,,
M,Maulun,,,,FCGB,,,,,,,,,,,,,,,,,,,,,,,,,,,,,,,
M,Ounas,,,,FCGB,<,4,,6,4,,<,<,5,3,5,,,5,5,<,2,,,,,6,4,,,<,<,:2,<,<:2,<:2
M,Vada,,,,FCGB,6,,5,5,4,,,,,,,5,6,5,,,<,4,5,5,7,6,5,,<,6,7,6:3,5,7:4,5:4
M,Soni,,,,FCGB,,,,,,,,,,,,,,,,,,,,,,,,,,,,,,,
M,Arambarri,,,,FCGB,,,<,,,,,,,,,,,,,,,<,,,,<,,<,,,,,,,
M,Guilbert,,,,FCGB,4,3,<,,,,,,,,,,,,,,,,,,,,,,,,,,,,
M,Gajic,,,,FCGB,,,,,,,,,,,,,,,,,5,3,5,,5,7,4,5,3,6,5,5,4,,
M,Malcom,,,,FCGB,7,3,6,6,5,7,5,5,6,5,5,4,<,4,,<,5,4,5,5,3,<,<,5,3,7,5,6:4,4,7:5,5:5
M,Toulalan,,,,FCGB,,4,6,,,,,3,5,5,5,6,5,6,5,,3,,5,5,5,6,5,7,4,7,6,5,,7,4
M,Youssouf,,,,FCGB,,,,,,,,,,,,,,,<,4,,,,,,,,,,,,,,,
M,Sankharé,,,,FCGB,,,,,,,,,,,,,,,,,,,,,,,6,7,4,6,7,4,6,7:1,5:1
M,Kaabouni,,,,FCGB,,,,,,,,,,,,,,,,,,,,,,,,,,,,,,,
A,Touré,,,,FCGB,6,4,3,,,7,4,<,,,,,,,,,,,,,,,,,,,,,,,
A,Crivelli,,,,FCGB,,,,,,,,,,,,,,,,,,,,,,,,,,,,,,,
A,Thelin,,,,FCGB,,<,,,<,7,<,,,<,,,<,,4,,,,,,,,,,,,,:2,,:2,:2
A,Laborde,,,,FCGB,7,,<,<,4,7,4,<,<,<,<,<,<,<,<,5,3,4,4,4,5,5,3,<,<,6,6,5:4,4,:4,6:5
A,M. Belay,,,,FCGB,,,,,,,,,,,,,,,,,,,,,,,,,,,,,,,
A,Kamano,,,,FCGB,,<,,<,,<,,,<,,5,6,4,<,4,,<,<,<,<,7,<,,8,<,8,5,7:6,4,5:6,3:6
A,Ménez,,,,FCGB,<,3,7,7,4,,4,3,4,7,,4,4,<,6,3,3,,,,,6,6,,4,<,<,<:3,<,<:3,<:3
A,Rolan,,,,FCGB,5,3,7,4,4,,,4,4,3,4,<,4,6,,2,,<,4,4,<,,<,6,4,,,:5,<,8:8,<:8
G,Delecroix,,,,FCL,,,,,,,,,,,,,5,4,6,5,4,5,3,,,,,,,,,,,,
G,Lecomte,,,,FCL,5,6,6,4,5,5,8,3,4,5,5,5,,,,,,,,6,4,2,6,6,3,5,6,2,5,6,6
D,Wachter,,,,FCL,,,,,,,,,,,,,,,,,,,,,,,,,,,,,,,
D,Bellugou,,,,FCL,,4,,,6,5,5,4,5,4,<,,4,4,,5,,6,,<,,,6,5,<,4,5,<,,5,4
D,Le Goff,,,,FCL,3,3,4,4,5,5,5,4,5,5,5,4,4,4,<,4,5,5,3,6,3,4,6,5,4,5,5,2,5,5,5
D,Z. Touré,,,,FCL,,,4,,5,7,6,4,5,5,6,4,4,4,4,5,5,,3,,,,,6,3,5,5,3:1/(-1),,:1/(-1),:1/(-1)
D,Paye,,,,FCL,,,,,,,,,,,,,,,,,,,,,,,,,,,,,,,
D,Rose,,,,FCL,3,2,5,,,,,,,,,,,,,,,,,,,,,,,,,,,,
D,Koffi,,,,FCL,4,4,4,,,4,,,,,,,,,5,,,7,3,,,,,5,,5,6,3,,,5
D,Selemani,,,,FCL,<,,<,,,<,,,,,,,,,,,,,,,,,,,,,,,,,
D,Ciani,,,,FCL,,,,4,6,,5,5,4,5,4,5,,,7,5,4,5,4,6,4,4,,,,,,:1,5,5:2,6:2
D,Moreira,,,,FCL,,,,4,6,5,6,4,5,5,4,4,3,4,5,5,4,,,5,3,2,5,,3,,,,4,5,
D,Peybernes,,,,FCL,,,,,,,,,,,,,,,,,,,,6,3,5,6,5,3,5,5,3,4,,6
D,Lautoa,,,,FCL,4,,,5,,,,,,,,,4,4,6,4,5,5,6,6,4,4,,,,,5,,,6:1,<:1
M,Barthelmé,,,,FCL,,<,<,4,,,6,,4,,5,<,<,,,,,,,,,,,,,,,,,,
M,Mesloub,,,,FCL,,3,4,5,4,5,<,<,4,,,<,,,<,<,<,6,3,7,5,4,<,,,,,,,,
M,Ndong,,,,FCL,5,,,,,,,,,,,,,,,,,,,,,,,,,,,,,,
M,Philippoteaux,,,,FCL,5,3,4,<,5,3,,,,<,,,<,,<,<,<,7,,<,4,3,5,5,4,<,<,<:1,4,5:1,5:1
M,Cabot,,,,FCL,,,<,<,<,<,6,6,,,,,,<,,,<,<,5,7,4,<,<,<,3,5,4,:3,,<:3,:3
M,Fofana,,,,FCL,,<,4,,,<,,,<,4,7,4,,,,,,,,,,,,,,,,,,,
M,Gakpa,,,,FCL,,,,,,,,,,,,,,,,,,,,,,,,,,,,,,,
M,Cafu,,,,FCL,6,4,5,5,Bl.,,5,5,,<,,,3,6,5,5,5,5,,,4,,<,,3,,,,,,
M,Marveaux,,,,FCL,,,,4,,,,,,,7,4,3,5,7,6,4,6,4,6,3,6,7,6,,4,4,3:4,5,7:4,6:4
M,Mvuemba,,,,FCL,,,,<,6,6,5,5,5,5,6,5,3,5,5,5,3,,3,5,3,6,6,6,4,5,,,5,7:1,6:1
M,Mara,,,,FCL,,,,,5,4,,6,4,5,4,4,,,,,,,,<,,,,,<,,,,,,
M,Guendouzi,,,,FCL,,,,,,,,,<,5,5,5,,<,,,,<,<,,,,,,,,,4,,,
M,Wakaso,,,,FCL,,,,,,,,,,,,,,,,,,,,,5,6,6,4,3,<,<,3,4,5,
M,Ben Khémis,,,,FCL,,,,,,,<,<,,,,,,,,,,,,,,,,,,,,,,,
A,Jeannot,,,,FCL,<,<,,,,,,,,,,,,,,,,<,<,,,,,<,4,<,<,3,3,:(-1),:(-1)
A,Bouanga,,,,FCL,,,,,,,,,,,,,,,,,,,,,,,,,,,,,,,
A,Lavigne,,,,FCL,,,,,,,,,,,,,,,,,,,,,,,,,,,,,,,
A,Moukandjo,,,,FCL,7,3,4,4,6,4,4,6,,,,,4,7,4,5,6,5,3,,,,,,,3,4,<:8,4,6:9,7:10
A,Hamel,,,,FCL,,,,,,,,,<,<,,,,,,,,,,,,,,,,,,:1,<,:1,:1
A,Aliadière,,,,FCL,,,,,,,,,,,<,<,<,,,,,,,,,<,6,4,,,,3:1,<,<:1,:1
A,Waris,,,,FCL,5,4,4,3,<,,4,<,4,5,4,4,4,7,7,7,7,,Bl.,7,4,4,6,3,4,4,3,6:7,,7:8,5:7
G,Jourdren,,,,MHSC,6,4,5,5,5,4,6,5,5,2,,,,,,,,,,,,,4,4,,,,,,,
G,Ligali,,,,MHSC,,,,,,,,,,,,,,,,,,,,,,,,,,,,,,,
G,Pionnier,,,,MHSC,,,,,,,,,,,4,4,5,6,5,6,6,6,5,4,3,4,,,6,5,4,5:(-1),5,4:(-1),6:(-1)
D,Congré,,,,MHSC,6,4,7,5,6,3,Bl.,,,,,,<,6,5,6,6,5,4,,,,,,,<,4,5:1,5,3:1,:1
D,Deplagne,,,,MHSC,<,,,,,2,,<,<,3,,6,4,5,Bl.,,5,6,5,5,4,,5,,<,,<,,,4,
D,Gissi,,,,MHSC,,,,,,,,,,,,,,,,,,,,,,,,,,,,,,,
D,Hilton,,,,MHSC,7,3,5,,6,4,4,4,,2,5,6,5,6,5,6,,7,6,6,5,3,6,5,6,6,5,6:1,4,3:1,5:1
D,N'Diaye,,,,MHSC,,,,,,,,,,,5,,,,<,,,,,,,,,,,,,,,,
D,Rémy,,,,MHSC,<,5,5,6,,<,6,5,,,,,,,5,6,5,<,<,6,4,3,,,,,,,,,
D,Vanden Borre,,,,MHSC,5,4,4,4,3,,5,3,4,,5,<,,,,,,,,,,,,,,,,:(-1),,:(-1),:(-1)
D,Poaty,,,,MHSC,,,,,,,,,,<,<,,,,,,,,,,,,,,,,,,,,
D,Saint-Ruf,,,,MHSC,,,,,,,,,5,,5,5,5,,,6,5,7,,,,,,,,,,,,,
D,Mongongu,,,,MHSC,,,,,,,,,<,<,,,,,,<,,,,,,,,,,,,,,,
D,Mukiele,,,,MHSC,,,,,,,,,,,,,,,,,,,,,6,3,,4,5,6,5,6,4,4,5
D,Pokorny,,,,MHSC,,,,,,,,,,,,,,,,,,,,,,<,6,5,6,6,,,,,4
D,Roussillon,,,,MHSC,6,4,5,5,5,3,5,6,5,3,4,6,5,6,5,,,,6,8,3,4,5,5,7,5,5,5:1,5,3:1,5:1
M,Lasne,,,,MHSC,,,,,,,,,,3,,<,,5,4,7,5,8,5,6,5,3,5,<,<,7,6,5:3,,:3,<:3
M,Marveaux,,,,MHSC,,,,,,<,,,,,5,<,,,,6,5,<,,,4,,,,,,,,<,,
M,Saihi,,,,MHSC,,<,<,,,,,,,,,,,,,,,,,,,,,,,,,,,,
M,Skhiri,,,,MHSC,6,3,5,5,5,3,4,4,5,2,,7,5,6,6,8,5,7,6,5,5,4,6,4,6,7,4,6:1/(-1),6,4:1/(-1),4:1/(-1)
M,Wüthrich,,,,MHSC,,,,,,,,,,,,,,,,,,,,,,,,,,,,,,,
M,Boudebouz,,,,MHSC,7,6,6,4,6,5,6,3,5,6,,8,4,4,4,7,6,,,,,6,7,6,8,5,5,4:8,7,5:10,4:10
M,Sylla,,,,MHSC,,,,5,6,,5,4,4,3,,,,,,,,<,5,,,,<,5,<,,5,<:1,,:1,6:1
M,Sessegnon,,,,MHSC,,,,,,,,<,5,3,6,5,5,5,,,,7,4,5,5,4,6,,6,6,5,5:1,5,3:1,7:1
M,Ikoné,,,,MHSC,,,,,,,,,,,,,,,,,,,,,4,4,<,3,,,,,<,4,<
M,Mbenza,,,,MHSC,,,,,,,,,,,,,,,,,,,,,,,<,,8,6,<,5:2,4,<:2,5:2
M,Passi,,,,MHSC,,,,,,,,,,,,,,,,,,,,,5,<,,,,,,,,,
M,Dolly,,,,MHSC,,,,,,,,,,,,,,,,,,,,,,,,4,6,4,<,<,4,<,
M,Sanson,,,,MHSC,6,3,5,6,4,6,3,6,5,4,7,7,4,5,5,7,3,7,4,5,,,,,,,,:3,,:3,:3
A,Berigaud,,,,MHSC,<,<,6,5,5,,4,,,<,4,,<,<,3,,<,,<,,,,,,,,,,,,
A,Camara,,,,MHSC,5,6,<,<,<,3,<,,,4,7,5,6,,,<,4,5,<,5,<,<,5,<,,<,,<:1,<,<:1,<:1
A,Mounié,,,,MHSC,4,6,4,<,5,,4,5,5,,,7,6,4,4,6,6,8,5,4,4,4,8,3,7,6,6,6:12,6,3:13,3:13
A,Llovet,,,,MHSC,,,,,,,,,,,,,,,<,,,,,<,,,,,,,,,,,
A,Ninga,,,,MHSC,5,<,4,3,<,3,<,8,8,,,,,,,,,,,,,,,,,,,:5,,:5,:5
G,Lafont,,,,TFC,6,5,6,4,5,6,7,5,5,7,4,5,4,5,6,4,6,6,5,4,8,5,7,6,6,6,6,6,4,,6
G,Goicoechea,,,,TFC,,,,,,,,,,,,,,,,,,,,,,,,,,,,,,6,
D,Akpa-Akpro,,,,TFC,,,,,,,,,,,,,,,,,,<,<,,,,,,,,,,,,
D,Spajic,,,,TFC,,,,,,,,,,,,,,,,,,,,,,,,,,,,,,,
D,Yago,,,,TFC,,5,5,4,6,4,5,,5,5,4,5,5,4,6,4,,4,4,,,,,,,<,5,5,4,,
D,Ninkov,,,,TFC,,,,,,,,,,,,<,<,<,<,,<,,<,<,,<,,,,,,<,,,
D,Matheus,,,,TFC,,,,,,,,,,,,,,,,,,,,,,,,,,,,,,,
D,Maury,,,,TFC,,,,,,,,,,,,,,,,,,,,,,,,,,,,,,,
D,Veskovac,,,,TFC,,,,,,,,,,,,,,,,,5,,,,,,,,,,,,,,
D,Diop,,,,TFC,6,6,5,4,6,6,6,5,5,6,3,5,,,,,,6,,5,5,5,6,5,7,5,,5:2,3,5:2,6:2
D,Amian,,,,TFC,5,,,,,,,<,,,,,4,,<,4,,,4,5,5,3,6,5,5,5,5,,,5,5
D,Jullien,,,,TFC,5,7,5,4,5,5,7,5,6,5,6,5,5,5,,,,7,5,5,5,5,6,6,6,6,6,7:4,3,5:4,7:4
D,Sylla,,,,TFC,6,4,4,5,6,4,6,5,6,5,3,,4,4,6,3,5,6,5,4,5,,,,<,,,<:1,3,<:1,<:1
D,Michelin,,,,TFC,,,,,,<,6,5,<,,,,,,6,4,5,4,,,,,,,,,,,,,
D,Musavu-King,,,,TFC,,,,,,,,,,,,,,,6,4,5,,,,,,,,,,,,,,
D,Moubandjé,,,,TFC,6,5,5,4,7,5,6,4,5,5,4,5,2,5,5,,,,,5,3,4,7,4,6,5,6,5,3,5,6
M,Sirieix,,,,TFC,,<,,,,,,,,,,<,,,,<,,,,,,,,,,,,,,,
M,Bodiger,,,,TFC,4,,<,<,5,5,7,5,5,<,5,5,5,5,5,<,6,,5,,,,6,5,5,,5,6:1,,<:1,5:1
M,Doumbia,,,,TFC,,,,,,,,,,,,,,,,,,4,3,6,,,<,<,,,,,<,,<
M,Trejo,,,,TFC,5,8,4,4,,,<,5,6,5,7,5,,,,,,,,3,4,3,7,7,6,5,5,5:2,3,5:2,6:2
M,Blin,,,,TFC,5,5,5,5,5,6,6,4,5,6,4,,5,4,,,6,,,5,5,3,6,6,6,5,,,3,4,
M,Machach,,,,TFC,,,,,,,,,,,,,,,,,,,,,,,,,,,,,,,
M,Somalia,,,,TFC,5,5,5,,,,,,<,<,<,5,4,5,5,3,4,4,4,4,,3,,,,<,<,6,4,<,5
M,Pi,,,,TFC,<,<,<,4,<,<,<,,,,,,,,,,<,<,<,,<,<,,,<,5,,,,5,
M,Cafaro,,,,TFC,,,,<,<,<,,,,,,<,,,,,,,,,,,,,,,,,,,
M,Sangaré,,,,TFC,,,,,,,,,,<,,,,<,5,5,,,,,,,,,,,,,,,
M,Durmaz,,,,TFC,,,<,4,7,5,<,4,5,6,5,5,,6,5,4,5,4,,,5,4,<,<,,,5,:2,<,:2,:2
M,Lukebakio,,,,TFC,,,,,,,,,,,,,,,,,,,,<,<,,,,,,,,,,
M,Pesic,,,,TFC,,,,,,,,,,,,,,,,,,,,,,,,,,,,,,,
A,Toivonen,,,,TFC,<,5,4,6,4,8,5,<,,4,<,4,4,4,<,3,8,4,3,,<,<,<,<,<,<,<,<:6,<,:6,<:6
A,Edouard,,,,TFC,<,<,4,,<,3,4,<,<,,<,,<,<,,4,<,<,3,<,,,,,,,,:1,,:1,:1
A,Depehi,,,,TFC,,,,,,,,,,,,,<,,,,,,,,,,,,,,,,,,
A,Jean,,,,TFC,,,,,,,,,,,,,,,,,,,,,,5,7,6,6,5,5,4,3,5,5
A,Delort,,,,TFC,,,,,,,,,,,,,,,,,,,,,,,7,6,7,4,5,3:3,4,4:3,7:4
A,Braithwaite,,,,TFC,4,8,,6,5,,,3,8,3,4,6,6,3,6,4,7,4,4,5,5,4,7,5,8,5,4,4:10,,5:10,6:10
G,Leca,,,,SCB,4,6,6,4,6,5,6,,5,6,6,4,,6,5,2,6,5,4,6,6,6,5,4,4,5,,6,,5,5
G,Charruau,,,,SCB,,,,,,,,,,,,<,,,,,,,,,,,,,,,,,,,
G,Vincensini,,,,SCB,,,,,,,,6,,,,,5,,,,,,,,,,,,,,6,,,,
D,Cioni,,,,SCB,,,,4,5,5,6,5,4,3,5,,5,5,<,3,,5,4,5,5,<,4,,3,,,5,2,4:(-1),:(-1)
D,Marange,,,,SCB,5,6,4,,,,<,5,,,5,5,7,5,5,,6,5,4,Bl.,,5,4,,,5,3,,,4,
D,Djiku,,,,SCB,5,6,4,,,,,,,,,,,,5,3,5,<,7,6,5,6,3,4,,6,4,:1,,:1,5:1
D,Peybernes,,,,SCB,5,6,3,4,5,5,6,5,4,4,6,Bl.,6,6,6,3,6,5,5,,,,,,,,,,,,
D,Bengtsson,,,,SCB,,,,6,5,4,6,6,4,4,6,4,5,6,5,2,6,,,5,5,6,,5,,6,,5:1/(-1),2,:1/(-1),4:1/(-1)
D,El Kaoutari,,,,SCB,,,,,<,,,,,,,,,,<,4,Bl.,,,,,,,4,4,6,4,6,2,5,5
D,Rose,,,,SCB,,,,,,,,,,,,,,,,,,,,,5,5,5,5,<,,,5,2,5,5
D,Saint-Ruf,,,,SCB,,,,,,,,,,,,,,,,,,,,,,,,,3,,<,4,,,
D,Squillaci,,,,SCB,4,7,4,5,5,6,6,,5,4,5,,,,,,,,,,,,,,,,,,,,
M,Cahuzac,,,,SCB,5,7,4,6,4,6,6,5,5,6,6,4,,6,6,3,,Bl.,,6,4,,5,,4,,4,,,6,5
M,Abd. Keita,,,,SCB,,,,,,,,,,,,4,<,5,5,<,,5,4,5,5,<,,<,3,5,3,,<,<,
M,Romain,,,,SCB,,,,,,,,,,,,,,,,,,,,,,,,,,,,,,,
M,Diallo,,,,SCB,5,6,,6,5,5,6,5,<,5,6,5,5,<,,3,6,6,Bl.,4,4,4,,4,,6,4,:3,,:3,<:3
M,Danic,,,,SCB,<,,4,<,,,4,,4,<,5,5,,5,7,3,6,6,,5,4,5,4,6,6,4,3,4:3,3,:3,<:3
M,Ngando,,,,SCB,,,<,,,,,,<,,,,,,,<,<,,5,<,,6,<,4,5,<,,,3,<,
M,Mostefa,,,,SCB,5,6,5,6,4,,,5,,<,,5,6,6,5,,6,4,4,4,5,6,<,4,<,5,5,5,3,,4
M,Coulibaly,,,,SCB,5,<,,<,4,5,6,5,4,4,5,4,5,,,3,7,5,5,,,,5,<,4,6,<,,,5,3
M,Cabral,,,,SCB,,<,<,,,<,,,<,,<,,<,,,,,,,,,,,,,,,,,,
M,Houri,,,,SCB,,,,,,,,,,,,,,,,,,,,,,,,,,,,,,,
M,Saint-Maximin,,,,SCB,5,7,5,5,6,5,6,5,5,5,5,4,6,<,4,,7,5,6,4,,7,5,4,4,,4,5:3,4,3:3,5:3
M,Oniangué,,,,SCB,,,,,,,,,,,,,,,,,,,,,7,5,4,6,4,4,4,5:3,3,4:3,4:3
M,Boulaya,,,,SCB,,,,,,,,,,,,,,,,,,,,,,,,,,,,<,Bl.,,
M,Nangis,,,,SCB,,5,<,5,4,4,<,4,6,3,,<,5,<,<,<,<,,<,<,<,<,,<,,<,,4,5,4,
A,Crivelli,,,,SCB,3,7,3,4,4,4,5,,,,4,6,4,6,,3,4,7,,3,,,6,,3,,,:7,,:7,4:7
A,Bifouma,,,,SCB,<,6,4,<,,<,<,4,6,4,<,,,4,6,,,4,4,,,,,,,,,:2,,:2,:2
A,Acheampog,,,,SCB,,,,,<,,,<,,,,,,,,,,,,,,,,,,,,,,,
A,Raspentino,,,,SCB,,,,,,,,,,,,,,,,,,,<,,<,,,,,,,4,<,4,<
G,Costil,,,,SRFC,4,6,6,6,5,5,4,6,4,6,6,2,5,6,4,6,6,5,7,6,6,6,5,6,5,5,6,5,6,5,7
G,Gertmonas,,,,SRFC,,,,,,,,,,,,,,,,,,,,,,,,,,,,,,,
D,Armand,,,,SRFC,,,,,,,,,,6,,,,,,,,,,,,,,,,,,,,,
D,Danzé,,,,SRFC,,7,5,6,5,5,4,5,5,5,5,2,4,5,5,5,5,4,4,4,5,5,5,6,3,4,6,5,4,5,4
D,Mexer,,,,SRFC,,,5,6,3,6,4,7,5,Bl.,,,,,,,<,<,5,5,6,6,,,,,,,,6,6
D,Moreira,,,,SRFC,4,,,,,,,,,,,,,,,,,,,,,,,,,,,,,,
D,Lenjani,,,,SRFC,,<,<,,,,,,,,,,,,,,,,,,,,,,,,,,,,
D,Pedro Mendes,,,,SRFC,5,6,5,6,3,,,6,5,5,6,2,5,5,4,,,,,,,,5,5,4,5,,,,,
D,Baal,,,,SRFC,4,6,4,5,3,5,3,6,5,5,5,3,6,5,4,7,4,4,5,4,6,4,7,5,,3,6,4,5,Bl.,
D,Zeffane,,,,SRFC,,,,,4,,,,,,,,,,,,,,,,,,,,,,,,,,
D,Bensebaini,,,,SRFC,5,6,6,6,4,6,4,,,,<,4,,,,6,5,5,,,,,<,5,5,,7,7,6,6,
D,Figueiredo,,,,SRFC,,,,,,,,,,,,,,,,,,,,,,,,,,,,,,,<
D,Cavaré,,,,SRFC,,,,,,,,,,,,,,,,,,,,,,,,,<,,,,,,
D,Gnagnon,,,,SRFC,,,,,,,,,,,6,4,6,6,5,7,5,5,6,5,6,6,5,5,5,4,7,4:1,6,7:1,5:1
M,Hunou,,,,SRFC,,,,,,<,<,4,4,5,,,6,5,4,5,6,5,<,,<,4,,,,4,<,<:1,<,:1,:1
M,André,,,,SRFC,6,6,8,6,4,5,3,6,6,6,5,,4,6,5,7,6,6,4,5,,4,6,5,6,4,5,4,5,4,5
M,Prcic,,,,SRFC,,,,<,,,4,,6,<,5,,,6,5,<,,,,6,3,,6,,5,5,6,6:1,5,6:1,5:1
M,Brüls,,,,SRFC,,,,,,,,,,,,,,,,,,,,,,,,,,,,,,,
M,G. Fernandes,,,,SRFC,5,6,<,7,4,5,5,7,,5,,3,6,<,,5,6,5,5,4,6,5,,,5,,6,4:(-1),,:(-1),:(-1)
M,Henrique,,,,SRFC,,4,4,<,,5,<,<,,,,4,<,<,<,<,,,<,<,,,,,,,,,,,
M,Janvier,,,,SRFC,,,,,,,,,,,,<,,,,,,,,,,,,,,,,,,,
M,Gourcuff,,,,SRFC,5,7,5,5,,6,,,,4,,4,4,6,,5,4,5,6,4,7,5,7,5,,,,5:4,6,6:4,4:4
M,Salles-Lamonge,,,,SRFC,,,,,,,,,,,,,,,,,,,,,,,,,,,,,,,
M,Chantôme,,,,SRFC,Bl.,,,,,,,,,,,,,,,,,,,,,,,6,6,Bl.,,,,,5
M,Ribelin,,,,SRFC,,,,,,,,,,,,,,,,,,,,,,,,,,,,,,,
M,Léa-Siliki,,,,SRFC,,,,,,,,,,,,,,,,,,,,,,,,,,,,,,,
M,Amalfitano,,,,SRFC,,,,,,,,,,,,,,,,,,,,,,,5,5,6,Bl.,,:1,,5:1,5:1
M,Mubele,,,,SRFC,,,,,,,,,,,,,,,,,,,,,,,,<,4,4,5,6,5,4,6:1
M,Sylla,,,,SRFC,,,,,,,,,,,,,,,,,,,,,,,,,,,,,,,
A,Ntep,,,,SRFC,,,,<,3,5,4,6,5,7,6,3,,8,4,7,4,4,7,,,,,,,,,:2,,:2,:2
A,Grosicki,,,,SRFC,4,<,,,,<,4,3,4,<,5,<,5,,6,<,,<,,4,4,4,,,,,,:4,,:4,:4
A,Sio,,,,SRFC,4,6,4,5,3,6,,4,5,4,5,3,7,5,6,5,4,6,4,,,,5,5,7,4,7,5:7,3,<:7,4:7
A,Erasmus,,,,SRFC,<,<,,,<,<,3,,,,<,,<,,<,,,,,,,,,,,,,,,,
A,Saïd,,,,SRFC,5,5,5,6,<,,<,<,<,,6,,,,,,<,<,5,<,<,<,<,,,<,<,<:3,<,4:4,:4
A,Kalulu,,,,SRFC,,,,,,,,,,,,,,,,,,,,3,4,3,4,4,<,,<,,<,,
A,Diakhaby,,,,SRFC,<,,<,,<,,,<,<,,<,<,<,<,<,,,,<,<,4,<,<,<,,5,5,<:2,4,<:2,<:2
G,Dupé,,,,FCN,,,,,,,,,,,,,,,,,6,,6,7,5,4,,,,,,4,5,5,5
G,Riou,,,,FCN,6,5,6,4,5,5,6,7,6,4,4,6,5,6,2,5,,6,,,,,4,4,4,5,5,,,,
D,Djidji,,,,FCN,,,,,,,,,5,5,3,5,5,5,,4,5,6,6,6,4,6,3,4,5,6,,3,4,5,5
D,N'Dongala,,,,FCN,,,,,,,,,,,,,,,,,,,,,,,,,,,,,,,
D,Dubois,,,,FCN,6,4,6,4,5,5,4,6,5,4,4,,4,,3,<,6,6,6,6,4,5,4,5,5,6,4,4:(-1),5,6:(-1),5:(-1)
D,Moimbé,,,,FCN,<,,,,5,,,<,,,,,<,,<,,,<,,,,<,,,<,,,,,,
D,Kwateng,,,,FCN,,,,,,<,4,,<,,4,6,,5,,4,,,,,,,,,,,,,,,
D,Walongwa,,,,FCN,,,,4,5,5,,,,,,,,,,,,,,,,,,,,,,,,,
D,Diego Carlos,,,,FCN,5,4,5,,,,,6,5,4,3,5,5,5,3,5,Bl.,6,5,6,4,5,5,6,6,5,5,4:2,5,5:2,5:2
D,Lima,,,,FCN,7,7,5,5,5,6,6,7,5,4,3,5,5,6,4,4,6,5,7,5,4,4,4,4,6,7,6,3:1,5,6:1,6:1
D,Vizcarrondo,,,,FCN,5,5,5,3,4,5,4,5,,,,5,5,5,1,4,5,5,<,<,,,,,<,<,4,,,,
M,A. Touré,,,,FCN,,,,,,,,,,,,,<,<,4,<,<,,6,4,,,,,,,<,,<,,<
M,Rongier,,,,FCN,5,5,5,4,<,<,Bl.,,6,,<,Bl.,,,,,6,<,<,,4,6,6,5,6,7,6,3:1,6,5:1,6:1
M,Thomasson,,,,FCN,,,,4,,,5,<,<,4,3,6,5,5,,3,<,,,,<,<,<,5,8,6,5,4:1,6,4:1,5:1
M,Alégué,,,,FCN,,<,<,,,,,,,,,,,,,,,,,,,,,,,,,,,,
M,Gillet,,,,FCN,5,5,6,5,6,6,5,6,7,5,4,6,5,4,3,5,6,8,5,6,4,5,4,5,6,5,6,3:2,5,5:2,5:2
M,Iloki,,,,FCN,6,Bl.,,,,,,,,,,,4,<,<,4,5,5,5,5,4,6,,4,,5,6,<:1,5,6:1,<:1
M,M'Laab,,,,FCN,,,,,,,,,,,,,,,,,,,,,,,,,,,,,,,
M,Thomsen,,,,FCN,6,4,4,4,4,<,5,6,<,<,,4,,4,4,,,,,,,,,,,,,:1,,:1,:1
M,Harit,,,,FCN,6,5,6,3,6,5,5,5,6,3,3,4,,<,3,<,4,7,5,5,4,5,3,,,,,5:1,,<:1,:1
M,Pardo,,,,FCN,,,,,,,,,,,,,,,,,,,,<,4,<,4,<,5,5,<,4:1,,:1,:1
M,Oliveira,,,,FCN,,,,,,,,,,,,,,,,,,,,,,,,,<,,,,,,<
M,Kacaniklic,,,,FCN,,4,4,,,5,<,5,,<,<,,,,4,,,,<,,,,<,<,,,,,<,<,5
A,Aristeguieta,,,,FCN,,,<,<,<,,,,,<,,,<,,,,,,,,,,,,,,,,,,
A,Bammou,,,,FCN,4,<,5,4,<,5,<,<,6,6,3,5,5,4,,4,5,<,,5,3,4,<,4,,4,7,<:2,4,:2,:2
A,Sala,,,,FCN,<,,,<,4,2,6,6,6,6,5,6,,4,<,3,6,6,4,6,4,5,4,7,5,5,6,4:7,<,6:9,6:9
A,Sigthorsson,,,,FCN,,4,4,,,,,,,,,,,,,,,,,,,,,,,,,,,,
A,Nakoulma,,,,FCN,,,,,,,,,,,,,,,,,,,,,,,,,,,<,4,7,4:2,8:4
A,Stepinski,,,,FCN,,,,4,6,4,4,7,4,4,5,<,3,,3,,,6,4,,<,,4,<,6,4,,:4,,<:4,:4
G,Badiashile,,,,ASM,,,,,,,,,,,,,,,,,,,,,,,,,,,,,,,
G,De Sanctis,,,,ASM,,,,4,,,,,,,,,,,,,,,,,,,,,,,,,,,
G,Subasic,,,,ASM,5,6,5,,6,5,6,6,4,5,5,6,6,6,5,5,6,5,6,5,6,6,6,5,6,5,5,6,4,6,
D,Fabinho,,,,ASM,7,,6,7,6,3,<,8,5,6,6,8,6,7,5,6,7,4,<,6,7,6,6,<,7,5,8,8:7,5,7:8,:8
D,Echiejile,,,,ASM,,,,,,,,,,,,,,,,,,,,,,,,,,,,,,,
D,Raggi,,,,ASM,,,6,5,5,4,,,4,,,6,,6,5,,,,,,,,,,6,,,,,,
D,Jemerson,,,,ASM,4,,6,6,6,3,,6,3,7,5,7,6,6,,5,6,4,5,6,6,5,6,5,,5,6,6:1,5,6:1,:1
D,Touré,,,,ASM,,,,<,8,<,5,7,,,,,,,,7,,,5,7,,,,<,8,6,6,,,7,
D,Mendy,,,,ASM,4,4,6,,,,6,,4,5,6,8,7,,,,7,,,,7,6,8,7,6,5,,6,6,6,
D,Sidibé,,,,ASM,6,,7,7,,3,,6,<,5,5,6,6,5,4,5,7,3,5,7,6,5,5,5,,,5,6:2,5,:2,:2
D,Glik,,,,ASM,5,6,5,7,6,3,6,6,3,6,6,,6,6,6,6,6,3,5,6,7,5,6,6,6,5,7,6:5,5,6:5,:5
D,Tisserand,,,,ASM,,5,,,,,,,,,,,,,,,,,,,,,,,,,,,,,
D,Diallo,,,,ASM,,6,,,,,5,,,,,,,,5,,,,,,,,,,<,,,,,,
M,Bernardo Silva,,,,ASM,7,,5,5,<,5,5,8,3,7,4,5,6,7,4,6,7,5,6,8,5,6,6,4,6,8,5,7:6,5,<:6,:6
M,Bakayoko,,,,ASM,5,<,6,6,,3,,,<,7,5,8,6,7,<,7,7,7,7,6,7,6,6,6,,6,<,7:2,<,<:2,:2
M,Dirar,,,,ASM,7,,<,6,,,,,,,,,,<,,<,,<,<,,,,<,,<,<,,<,<,6,
M,Moutinho,,,,ASM,<,5,7,<,7,5,5,5,5,,,,,<,6,,<,,5,<,<,<,<,7,7,5,5,<:1,7,7:2,:2
M,Traoré,,,,ASM,,5,,7,5,,6,,,<,,,,,,,,,,,,,,,,,,:2,,:2,:2
M,Lemar,,,,ASM,5,<,,,8,3,<,7,<,7,6,6,7,,4,8,7,7,5,8,<,5,7,6,,5,5,6:8,6,6:8,:7
M,Lopes,,,,ASM,,,,,,,,,,,,,,,,,,,,,,,,,,,,,,,
M,Boschilia,,,,ASM,,6,<,,,,6,<,6,<,<,,<,7,,,,,,,8,,,,8,,,:6,,:6,:6
M,N'Doram,,,,ASM,,6,,,<,,6,<,,,,,,,,,,,,,,,,,,,,,,,
M,Bahlouli,,,,ASM,,,,,,,,,,,,,,,,,,,,,,,,,,,,,,,
A,Falcao,,,,ASM,,,,<,7,4,,,,6,<,7,<,6,<,9,8,4,6,7,7,4,8,<,8,4,6,:16,<,:16,:16
A,L. Traoré,,,,ASM,,,,,,,,,,,,,,,,,,,,,,,,,,,,,,,
A,Germain,,,,ASM,,<,5,6,5,3,4,7,6,<,4,4,5,9,4,<,6,5,<,6,8,4,7,4,,4,4,6:9,4,6:9,:9
A,Cavaleiro,,,,ASM,<,5,,,,,,,,,,,,,,,,,,,,,,,,,,,,,
A,Carrillo,,,,ASM,3,,,,<,4,4,8,4,,<,<,<,<,6,<,<,<,,<,,<,,,,,<,:7,,:7,:7
A,Chaibi,,,,ASM,,,,,,,,,,,,,,,,,,,,,,,,,,,,,,,
A,Jean,,,,ASM,,4,,,,,,,,,,<,,,,,,,,,,,,,,,,,,,
A,Cardona,,,,ASM,,,,,,,,,,,,,,,,,,,,,,,,,<,,,<,,<,
A,Mbappe-Lottin,,,,ASM,Bl.,,,,,,,<,,8,4,<,4,,<,7,<,<,5,<,<,<,<,6,9,<,<,8:9,6,8:12,:12
G,Guivarch,,,,EAG,,,,,5,,,,,,,,,,,,,,,,,,,,,,,,,,
G,Johnsson,,,,EAG,5,5,6,5,,,6,6,6,7,6,4,6,5,5,6,5,6,5,4,5,4,5,5,5,3,4,5,6,4,6
G,Salin,,,,EAG,,,,,,6,,,,,,,,,,,,,,,,,,,,,,,,,
D,Lemaître,,,,EAG,,,,,,,,,,,,,,,,,,,,,,,,,,,,,,,
D,Lévêque,,,,EAG,,,,,,,,,,,,,,,,,,,,,,,,5,,4,,,,,
D,Angoua,,,,EAG,5,<,,,,,5,4,,,,,,5,,,,,6,4,,,,,,,,,,,
D,Sankoh,,,,EAG,,,,,,6,5,<,6,<,6,,5,6,,6,,,,,,,,5,5,<,,,,,<
D,Sorbon,,,,EAG,5,7,6,5,5,6,5,5,6,6,6,5,5,5,5,6,5,6,,3,6,4,5,5,,,5,5:1,6,3:1,6:1
D,Héry,,,,EAG,,,,,,,,,,,,,,,,,,,,,,,,,,,,,,,
D,Martins-Pereira,,,,EAG,,,,,,,,,,,,,,5,,6,<,,,,5,4,4,5,4,3,,5,,,6
D,Ikoko,,,,EAG,5,5,6,5,5,6,<,5,5,5,6,5,5,,5,,6,5,4,,,,,,5,,4,6,5,3,
D,Mané,,,,EAG,<,<,<,,,<,,,,,,,,,,,,,,,,,,,,,,,,,
D,Marçal,,,,EAG,,6,8,5,4,7,,,5,4,5,5,5,5,4,8,6,6,6,5,6,4,5,,Bl.,,5,,8,4,7
D,Bodmer,,,,EAG,,,,,,,,,,,,,,,,,,,,,,4,<,5,<,3,,5,,,
D,Kerbrat,,,,EAG,5,5,6,5,4,5,5,5,5,7,6,6,6,,5,7,5,6,5,3,5,4,5,,5,4,5,5,6,4,6
M,M. Diallo,,,,EAG,6,6,7,5,5,6,,3,,4,,,,<,<,5,5,5,4,6,6,,4,,6,3,5,:4,<,<:4,:4
M,Giresse,,,,EAG,<,,7,5,,,,4,,,,,,,,<,,,5,,,,,,,<,,<:1,,<:1,:1
M,Salibur,,,,EAG,5,6,6,5,4,5,<,5,7,7,6,Bl.,5,,5,8,5,6,5,6,5,5,,5,6,5,4,5:5,8,3:6,7:6
M,Benezet,,,,EAG,,,,,,,,,,,,,,,,,,,,,,,,<,7,5,<,Bl.:1,,:1,:1
M,Coco,,,,EAG,5,6,5,6,Bl.,<,3,3,5,8,5,7,4,5,5,,4,5,,,5,4,4,3,,<,4,6:4,6,4:4,4:4
M,Blas,,,,EAG,<,<,<,<,5,5,4,<,,<,<,5,,5,5,,,,,4,,,<,3,<,,,,7,3:1,:1
M,Livolant,,,,EAG,,,,,,,,,,,,,,,,,,,,,,,,,,,,,,,
M,De Pauw,,,,EAG,,,<,<,<,,<,<,,,<,6,<,<,<,<,<,7,<,<,<,<,4,,,4,<,<:4,<,<:4,<:4
M,Didot,,,,EAG,,,,,,,,,<,5,5,5,5,,5,5,3,<,4,5,5,4,4,5,4,5,5,4:1,6,3:1,5:1
M,Deaux,,,,EAG,6,7,6,5,4,5,4,4,6,5,6,4,5,4,4,<,3,6,5,4,4,4,5,<,5,3,4,5,8,4:1,6:1
A,Achahbar,,,,EAG,,,,,,,,,,,,,,,,,,,,,,,,,,,,,,,
A,Briand,,,,EAG,6,4,,<,5,6,4,4,6,6,5,4,6,5,4,7,4,6,8,5,6,6,4,4,4,,4,6:8,7,3:9,5:9
A,Mendy,,,,EAG,,,,,,,,,<,<,,<,<,<,<,5,<,,5,<,4,<,<,<,,,5,:1,<,:2,<:2
A,Privat,,,,EAG,6,4,5,5,,3,4,,6,,<,<,<,4,,,,,,,<,<,,,,,,:2,,:2,6:3
G,Reulet,,,,SMC,,,,,,,,,,,,,,<,4,3,,,,,,,,,,,,,,,
G,Dreyer,,,,SMC,,,,,,,,,,,,,,,,,,6,4,,,,,,,,,,,,
G,Vercoutre,,,,SMC,5,6,6,4,2,5,6,6,4,5,4,6,5,5,,,6,,,5,6,5,7,2,4,5,6,4,3,5,5
D,Adéoti,,,,SMC,,,,,<,<,<,,,<,5,6,6,5,3,3,5,6,5,4,6,4,6,4,4,,6,3,5,3,6
D,Da Silva,,,,SMC,6,5,6,5,3,4,6,6,5,4,5,6,5,5,3,4,5,7,4,5,6,5,5,3,4,5,6,5:(-1),4,5:(-1),5:(-1)
D,Yahia,,,,SMC,5,5,<,,,4,5,6,5,4,4,6,4,7,,4,5,6,6,5,6,5,6,4,4,5,6,6:1,5,5:1,3:1
D,Alhadhur,,,,SMC,,,,,,,,,,,,,,,,,,,,,,,,,,,,,,,
D,Le Joncour,,,,SMC,,,,,,,,,,,,,,,,,,,,,,,,,,,,,,,
D,Ben Youssef,,,,SMC,6,4,5,4,1,,,,,,,,,,3,,,,,,,,,,,5,<,,4,4,<
D,Dabo,,,,SMC,5,4,,,,,,,,,,,,,,,,,,,,,,,,,,,,,
D,Genevois,,,,SMC,,<,6,3,3,3,5,6,4,,,,,,,,,,<,,,,,,,,,,,,
D,Guilbert,,,,SMC,,,,,,,,,,,4,6,5,5,2,4,5,6,5,5,6,6,6,,5,5,5,3,5,4,5
D,Imorou,,,,SMC,6,5,,,<,4,5,6,4,,,,,,,,,,,,,,,,,,,,,,
M,Féret,,,,SMC,5,5,7,4,3,5,5,6,5,5,,,,7,7,6,7,8,4,6,5,5,5,3,4,6,5,4:2,5,3:2,5:2
M,Delaplace,,,,SMC,5,5,6,,,7,5,5,5,4,5,6,4,6,<,4,5,6,5,6,5,5,5,5,,5,5,5,,,4
M,Bessat,,,,SMC,<,<,7,6,3,4,<,,<,3,3,6,5,6,3,5,5,7,6,6,6,6,5,3,6,5,6,5:(-1),5,4:(-1),5:(-1)
M,Nkololo,,,,SMC,,,,,,,,,,,,,,,,,,,,,,,,,,,,,,,
M,Louis,,,,SMC,,,,,,,,,,,,,,,,,,,,,,5,5,,4,4,,,,<,
M,Leborgne,,,,SMC,,,,,,,,,,4,,,,,,,,,,,,,,3,,,<,<,<,,
M,Makengo,,,,SMC,,,,,,,,,,,5,6,4,,5,<,,<,,,,<,,4,6,Bl.,,,,<,<
M,Diomandé,,,,SMC,,,,,<,5,5,5,5,,,<,<,,,,,,,,,,,,,,,,,,
M,Malbranque,,,,SMC,<,<,,4,,,,,,<,<,<,<,,,,<,<,,,5,,,,<,,,,,,
M,Seube,,,,SMC,,,6,5,4,,,,,5,4,6,5,<,4,<,,,<,,5,,<,<,5,,6,4,,,
A,Karamoh,,,,SMC,<,5,6,4,3,<,4,4,4,,,<,<,5,<,7,4,8,5,6,,<,<,3,<,4,<,6:4,6,4:5,3:5
A,Rodelin,,,,SMC,6,4,7,4,4,5,<,6,5,4,5,6,4,7,<,6,4,6,6,6,7,5,6,<,,<,7,7:7,5,3:7,4:7
A,Bazile,,,,SMC,6,,<,<,4,,4,<,<,5,<,,,,4,<,<,,<,<,,5,<,3,<,Bl.,,:2,,:2,:2
A,Koukaou,,,,SMC,,,,,,,,,,,,,,,,,,,,,,,,,,,,,,,
A,Santini,,,,SMC,8,3,5,4,3,3,,6,6,3,4,6,4,5,,7,3,7,6,6,4,,4,3,3,3,4,6:11,7,3:12,4:12
A,Ngassaki,,,,SMC,,,,,,,,,,,,,,,,,,,,,<,,,,,,,,,,
A,Sané,,,,SMC,,,<,<,,<,4,<,<,<,<,,,,4,,<,<,,,,Bl.,,,,,,:1,,:1,:1
G,Petric,,,,SCO,5,6,,,,,,5,,,,,,,,,4,4,,4,4,5,4,,,,,,,,
G,Michel,,,,SCO,,,4,5,6,5,5,,5,6,6,6,5,5,5,5,,,4,,,,,6,5,6,6,4,4,6,4
G,Letellier,,,,SCO,,,,,,,,,,,,,,,,,,,,,,,,,,,,,,,
D,Thomas,,,,SCO,5,5,4,5,5,5,4,5,6,6,5,6,4,,3,,4,4,4,5,4,5,3,6,7,6,6,5:1,4,6:1,5:1
D,I. Traoré,,,,SCO,4,5,4,5,,,4,5,5,6,4,5,5,5,5,4,4,4,4,7,4,3,3,5,5,,,6:1/(-1),4,6:1/(-1),5:1/(-1)
D,Andreu,,,,SCO,4,5,4,6,6,5,,5,5,5,5,5,5,3,,5,4,Bl.,,,,,,,,,,,,,
D,Manceau,,,,SCO,5,5,<,5,6,5,4,5,5,,5,6,5,3,5,5,,5,5,4,5,6,3,6,5,6,,,4,6,4
D,Pavlovic,,,,SCO,,,,,5,5,<,,,,,,<,4,5,4,,,3,<,6,4,,,,,,:1,,:1,:1
D,Bamba,,,,SCO,,,,,,,,,,,,,,,,,,,,5,4,7,,,,<,7,7:(-1),,6:(-1),:(-1)
D,Cissokho,,,,SCO,,,,,,,,,,,,,,,,,,,,,,,3,5,5,6,6,5,4,,6
D,Martinez,,,,SCO,,,4,,,,5,,,5,,,,<,5,,4,4,,,,,,,,,,5,,,
M,Mangani,,,,SCO,,,4,7,5,6,4,7,4,5,5,5,4,5,<,4,3,,5,6,6,7,3,4,7,6,8,7:1,3,8:2,5:2
M,Capelle,,,,SCO,5,<,,<,4,6,4,<,4,4,4,<,4,6,5,<,<,6,3,5,4,<,<,4,6,6,,:2,<,4:2,:2
M,N'Doye,,,,SCO,4,5,5,7,5,7,5,4,6,4,3,5,5,,5,7,3,4,4,,,,<,5,6,6,7,6:3,3,6:3,4:3
M,Bourillon,,,,SCO,,4,,,,,,,,,,,,,,,,,,,,<,,,,6,8,5:1,,:1,:1
M,Laidouni,,,,SCO,,,,,,,,,,,,,,,,,,,,,,,,,,,,,,,
M,Santamaria,,,,SCO,5,<,4,5,6,5,5,5,6,5,4,5,5,4,,5,5,4,5,5,5,5,3,5,5,6,7,<:(-1),4,6:(-1),5:(-1)
M,Tahrat,,,,SCO,,,,,<,,,,,,,,,,,,,,,5,<,6,5,,<,,,,,,
M,Tait,,,,SCO,,,,,,,,,,,<,,,,,,,,,<,<,8,4,<,,,5,5:1,,:1,<:1
M,Saihi,,,,SCO,,,,,,,,,,,,<,,4,5,,,5,<,,,,,,,,,,,,
M,Wissa,,,,SCO,,,,,,,,,,,,,<,,,,,,,<,,,,,,,,,,,
M,Serin,,,,SCO,,,,,,,,,,,,,,,,,,,,,,,,,,,,,,,
A,Karanovic,,,,SCO,,,,,,,,,,,,,,,,,,,,,,,,,,,,,,,
A,Doré,,,,SCO,,,,,<,<,<,,<,,<,,,,,,<,,,,4,<,,,<,,,,,,
A,Ketkeophomphone,,,,SCO,<,7,5,,,7,,,,,,,,,,,,,,,,,,,,,,:1,,:1,:1
A,Diedhiou,,,,SCO,4,4,<,7,4,3,6,3,8,4,,6,4,2,<,6,4,4,4,,,,3,4,6,,,4:6,4,<:7,6:8
A,Toko Ekambi,,,,SCO,6,4,4,7,6,6,5,5,7,5,4,6,,<,4,7,4,4,<,,,,,,,5,8,7:5,4,5:5,5:5
A,Pépé,,,,SCO,<,<,<,6,<,<,,5,<,<,<,<,<,7,4,<,3,<,4,,,7,4,<,<,<,<,:3,<,<:3,<:3
A,Nwakaeme,,,,SCO,<,,,<,,,<,<,,<,,,,,,,,,,,<,,,,,,,:(-1),,:(-1),:(-1)
A,Bamba,,,,SCO,,,,,,,,,,,,,,,,,,,,4,,,<,4,6,7,6,:1,5,7:2,4:2
A,Bérigaud,,,,SCO,,,,,,,,,,,,,,,,,,,,4,6,,,,,,<,,<,<,<
A,Sunu,,,,SCO,4,5,5,,,,,<,<,<,4,5,4,<,<,4,<,<,<,,,,,<,,<,<,<,,,
G,Ndy Assembé,,,,ASNL,5,4,5,6,6,6,5,6,4,5,7,3,8,6,6,,,,,,,,,,,,,,,,6
G,Chernik,,,,ASNL,,,,,,,,,,,,,,<,<,5,6,4,6,6,6,5,6,4,4,6,6,6,5,4,
G,Menay,,,,ASNL,,,,,,,,,,,,,,,,,,,,,,,,,,,,,,,
D,Muratori,,,,ASNL,3,5,4,5,Bl.,,,,4,,,,,,,,,5,,7,,4,7,,,4,5,6,5,3,Bl.
D,Lenglet,,,,ASNL,3,4,4,5,5,5,5,5,,6,6,2,5,5,6,4,6,4,6,,,,,,,,,,,,
D,Diagne,,,,ASNL,4,,,,,,,,5,,,,,6,6,4,6,5,,6,5,5,6,4,4,5,<,6,5,4,
D,Cuffaut,,,,ASNL,3,4,5,5,5,,,,3,,,,6,6,8,4,7,5,<,5,5,3,6,3,,6,6,6:1/(-1),5,5:1/(-1),5:1/(-1)
D,Badila,,,,ASNL,4,,,,5,5,4,4,,5,6,4,7,5,6,4,6,,5,6,5,,6,3,3,6,5,:1,,:1,:1
D,Maouassa,,,,ASNL,,,,,,,,5,,,,,,,,,,,,,4,,<,3,,,,5,3,6:1,4:1
D,Chrétien,,,,ASNL,,,,,,5,5,4,3,,6,3,,,,,,,,,,,,,,,,,,,5
D,Cabaco,,,,ASNL,,,,,,4,5,5,4,5,,<,6,,,,,,5,,,4,<,,4,,5,5,5,4,
D,Cétout,,,,ASNL,,4,4,7,5,5,5,5,,5,6,3,,,,,,,6,<,4,5,7,4,4,,6,:1,6,5:1,6:1
M,Koura,,,,ASNL,4,4,,<,<,4,3,4,4,6,,,,,<,,,,,,<,<,,,,,,4:1,,:1,:1
M,Aït-Bennasser,,,,ASNL,4,4,6,7,5,5,,5,<,,,,<,4,8,<,6,6,6,,,,6,5,4,4,5,5:3,,5:3,:3
M,Pedretti,,,,ASNL,3,5,5,5,6,,6,,6,7,6,3,6,,8,3,,5,5,6,5,,,,4,<,6,<:1,<,:1,:1
M,N'Guessan,,,,ASNL,3,6,,,,,4,,,,<,,5,5,,3,<,,,,,,,,,,,,,,
M,Robic,,,,ASNL,4,3,4,5,4,,<,,,<,<,3,5,5,,<,<,<,,,4,4,,<,4,<,,,,,
M,Marchetti,,,,ASNL,,,,<,,5,5,4,,5,5,4,,,6,,6,<,,,,3,,,<,,,,5,<,<
M,Coulibaly,,,,ASNL,,,4,,,,,,,5,,,<,4,,,,,,6,,4,5,<,,,,,,<,
M,Guidileye,,,,ASNL,,<,<,5,5,,,,5,,,4,,,,,6,5,<,6,5,5,,3,5,5,,5,,5,4
M,Diarra,,,,ASNL,,,,,,,,,6,5,7,,5,5,<,4,,,5,6,,,6,4,4,5,,:2,4,:2,5:2
M,Busin,,,,ASNL,,,,,,,,,,,,,,,,,,,,,,,,,,,<,<,<,<,4
M,Puyo,,,,ASNL,<,<,4,5,7,,,<,,,5,3,,,6,4,7,4,5,<,4,,,,,3,4,4:2,,:2,:2
A,Dalé,,,,ASNL,3,3,<,<,<,4,,4,4,<,<,,,,,<,4,6,<,,,<,7,4,3,,,:1,,:1,<:1
A,Mandanne,,,,ASNL,3,<,<,,,4,3,<,<,,6,3,<,4,,,,,4,4,3,,,<,<,<,<,:1,4,:1,:1
A,Hadji,,,,ASNL,,,2,5,4,<,Bl.,,,,,<,4,<,6,4,<,,,4,<,4,,3,,4,4,<,<,4,4
A,Dia,,,,ASNL,,,,,,<,<,<,<,6,6,3,4,<,7,3,7,4,5,6,<,<,7,,4,4,6,4:4,6,7:6,4:6
A,Mabella,,,,ASNL,,,,,,,,,,,,,,,,,,,,,,,,,,,,,,,
G,Reynet,,,,DFCO,5,5,6,4,6,5,6,4,5,7,8,4,6,4,4,5,5,5,7,5,6,7,4,5,7,5,5,5,6,5,5
G,Leroy,,,,DFCO,,,,,,,,,,,,,,,,,,,,,,,,,,,,,,,
G,Allain,,,,DFCO,,,,,,,,,,,,,,,,,,,,,,,,,,,,,,,
D,Bernard,,,,DFCO,5,<,,,,,,,5,6,6,,,,7,,4,,,,,,,,,,,,,,
D,Abdelhamid,,,,DFCO,5,5,5,3,5,4,,,,,7,,,3,5,4,,3,7,5,<,,,<,6,,4,,,,
D,Varrault,,,,DFCO,5,5,4,3,6,,5,4,6,,,6,5,5,,5,4,5,,5,5,5,4,7,6,4,5,5:2,Bl.,:2,5:2
D,Chafik,,,,DFCO,5,5,6,3,,4,5,5,7,7,7,4,,5,,3,5,4,6,,,,4,3,7,4,,4,4,5,
D,Rüfli,,,,DFCO,,5,5,4,5,,6,5,,,,,5,<,6,5,,5,4,5,5,5,3,,5,,Bl.,,,,4
D,Lotiès,,,,DFCO,,,,,,3,,,,7,,,,<,6,4,,,7,5,5,6,4,4,,4,4,5:2,5,5:2,6:2
D,Rosier,,,,DFCO,,,,,,,,,,,,,,,,,,,,,,,,,,,,,,,
D,Lang,,,,DFCO,,,,,,3,6,4,6,7,6,5,4,4,6,,5,5,5,,5,4,,,6,3,,:(-1),5,5:(-1),:(-1)
D,Haddadi,,,,DFCO,,,,,,,,,,,,,,,,,,,,,,,,,<,4,5,5,5,4,5
D,Bouka Moutou,,,,DFCO,,,,,6,3,,,,,,4,5,3,,,,,,,,,,4,,,4,,,,
M,Sammaritano,,,,DFCO,5,5,7,6,4,<,6,4,5,6,4,7,4,,6,<,5,<,,<,<,<,,,,,,5:3,4,4:3,<:3
M,Marié,,,,DFCO,5,5,6,3,,4,8,5,,,5,5,6,4,<,6,5,,,4,5,<,<,5,5,4,,:1,,<:1,<:1
M,Balmont,,,,DFCO,5,5,6,4,6,4,6,,6,,,,,,,,,,,6,6,5,4,4,5,4,4,,,4,
M,Amalfitano,,,,DFCO,5,3,5,,<,,,,5,,<,<,,,4,,<,,,5,,,,4,<,5,4,5,5,<,5
M,Bela,,,,DFCO,<,<,,,,,<,5,,<,,,<,,4,,,<,<,<,,,<,,,<,,4,,,
M,Gastien,,,,DFCO,,,<,,,3,<,5,5,5,6,<,,<,5,<,5,5,5,5,,,,,,,,,,,
M,Lees-Melou,,,,DFCO,,,<,<,5,4,5,5,7,6,5,6,4,6,,6,4,4,7,5,6,8,6,5,,,,4:5,6,5:5,4:5
M,Belmonte,,,,DFCO,,,,,,,,,<,5,,,,,,,,,,,,,,,<,5,4,,<,,5
M,Sarrabayrouse,,,,DFCO,,,,,,,,,,,,,,,,,,,,,,,,,,,,,,,
M,Abeid,,,,DFCO,,,,<,5,4,8,5,6,5,5,6,4,7,,4,7,5,7,,,7,6,Bl.,6,,,5:3,4,5:3,6:3
M,Chang-Hoon,,,,DFCO,,,,,,,,,,,,,,,,,,,,,,,,,,<,<,<,,,5
M,Martin,,,,DFCO,,,,,,,,,,,,,<,,,,,,,,6,6,4,5,,,,,<,4,<
A,Tavares,,,,DFCO,4,4,7,4,Bl.,,,,<,4,<,7,4,6,<,6,4,6,6,6,4,5,6,4,5,6,4,4:8,7,4:9,5:9
A,Bahamboula,,,,DFCO,5,4,<,4,5,4,<,4,,,,,,,,,<,,,,,,<,,,,,<:1,,:1,:1
A,Diony,,,,DFCO,<,,3,6,4,<,8,7,4,4,4,7,4,6,<,7,4,4,4,4,4,6,3,<,7,6,4,:8,5,3:8,:8
A,Rivière,,,,DFCO,<,<,,,,,,<,,<,<,<,<,,4,,,<,<,,,,,,,,,<:1,,:1,:1
G,Didillon,,,,FCM,5,4,8,6,8,5,6,2,6,4,5,6,5,5,4,,5,5,,6,7,7,6,5,4,5,2,7,4,5,
G,Kawashima,,,,FCM,,,,,,,,,,,,,,,,,,,,,,,,,,,,,,,
G,Oberhauser,,,,FCM,,,,,,,,,,,,,,,,,,,4,,,,,,,,,,,,
D,Balliu,,,,FCM,6,,,<,,4,6,3,4,,,6,5,6,2,,,4,,6,5,5,5,5,,5,2,6:(-1),6,7:(-1),:(-1)
D,Falette,,,,FCM,5,6,7,6,5,4,5,3,,3,4,5,5,6,3,,,4,5,5,6,5,6,5,3,6,3,5:2,6,Bl.:3,:3
D,Milan,,,,FCM,4,4,7,6,6,3,<,,5,4,5,6,,,,,4,<,5,5,6,4,,,3,,,:1,,5:1,:1
D,Rivierez,,,,FCM,4,4,5,7,6,,,,,2,5,,,,,,4,4,4,,<,,,<,3,,,,,,
D,Basin,,,,FCM,<,,,,,,,,,,,,,,,,,,,,,,,,,,,,,,
D,Signorino,,,,FCM,,3,6,6,5,3,5,3,,3,,,,,,,,,,5,6,3,,,3,,2,5,,,
D,Assou-Ekotto,,,,FCM,,,<,,,,,<,5,,5,6,7,4,3,,5,,5,,,,6,5,,5,,,5,5,
D,Udol,,,,FCM,,,,,,,,,,,,,,,,,,,,,,,,,,,,,,,
D,Selimovic,,,,FCM,,,,,,,,,,,,,,,,,,,,,,,,,,,,,,,
D,Bisevac,,,,FCM,,,,,,,5,1,4,,,,6,6,3,,5,4,,,,,6,5,,5,3,5,5,6,
D,Diagne,,,,FCM,,,,,,,,,,,,,,,,,,,,6,6,3,,,3,5,4,6,,,
D,Philipps,,,,FCM,,,,,,,,,5,,,,,,,,,,,5,5,4,6,5,<,,,,,,
M,Nguette,,,,FCM,6,3,5,Bl.,,,,,5,4,4,4,5,5,4,,3,,6,6,5,4,4,<,<,4,<,<:1,<,5:1,:1
M,Cohade,,,,FCM,5,5,6,5,6,4,5,2,,5,5,6,,<,3,,4,4,4,6,8,,,6,3,5,,5,5,5,
M,Mollet,,,,FCM,4,<,6,,<,5,<,<,5,,<,,<,,,,<,<,<,7,5,,,,3,,3,,<,,
M,Doukouré,,,,FCM,5,3,5,6,3,,6,4,,,5,,6,5,<,,3,5,5,,,<,5,5,4,,2,5,5,5,
M,Sarr,,,,FCM,<,<,<,6,3,3,6,3,<,3,5,<,<,<,3,,<,3,3,,,,<,6,3,4,,4:1,6,Bl.:2,:2
M,Mandjeck,,,,FCM,,4,5,6,5,5,5,3,5,6,5,5,7,5,3,,5,5,5,,,,,,,4,2,<:2,5,6:2,:2
M,Lejeune,,,,FCM,,,,,,,,,<,<,<,5,5,5,5,,,,,<,,4,5,,,,<,,,,
M,Thill,,,,FCM,,,,,,<,,,,,,,,,,,,,,,,,,,,,,,,,
M,Seydi,,,,FCM,,,,,,<,,,,,,,,,,,,,,,,,,,,,,,,,
M,Maziz,,,,FCM,,,,,,,,,,,,,,,,,,,,,,,,,,,<,,,,
M,Jouffre,,,,FCM,6,3,,<,,,,,,4,,<,6,6,4,,,,,,<,,<,4,,,,6:3,6,5:3,:3
A,Erding,,,,FCM,7,3,6,8,3,3,6,3,4,4,4,4,,,,,,,,,<,,<,<,3,<,3,<:6,<,:6,:6
A,Vion,,,,FCM,,,,,,,,,,,,,<,<,3,,<,<,6,<,,<,4,,,,3,:2,,:2,:2
A,Diabaté,,,,FCM,,,,,,,,,,,,,,,,,,,,,7,4,5,6,,5,,6:5,4,4:5,:5
A,Hein,,,,FCM,,,,,,4,6,3,4,<,,<,,,,,4,5,<,,,<,,,,<,,:1,,:1,:1
A,Diallo,,,,FCM,<,<,<,<,5,<,<,<,<,<,<,4,4,3,<,,4,4,<,4,,,,,,,,:1,,:1,:1
D,Thébaux,,,,SCB,,,,,,,,,,,,,,,,,,,,,,,,,,,,,2,,
A,Tell,,,,SMC,,,,,,,,,,,,,,,,,,,,,,,,,,,,,,,<